kind	name	python_lines	test_references	status	evidence
module	acmg_bayesian	469	3	validated	benchmarks/sweep_acmg_erepo.json
module	alpha_fold_ui	442	8	validated	benchmarks/sweep_alpha_fold_ui.json
module	bio_copilot	264	6	validated	benchmarks/sweep_bio_copilot.json
module	bio_material	116	3	validated	benchmarks/sweep_bio_material.json
module	bio_switch	511	5	validated	benchmarks/sweep_bio_switch.json
module	biofactory_1_a	105	3	validated	benchmarks/sweep_biofactory.json
module	biogpt_lit	258	3	validated	benchmarks/sweep_biogpt_lit.json
module	bioimage_ai	220	4	validated	benchmarks/sweep_bioimage_ai.json
module	bioplayground	106	3	validated	benchmarks/sweep_bioplayground.json
module	bioprint_pro	167	4	validated	benchmarks/sweep_bioprint_pro.json
module	biosimvr	201	3	validated	benchmarks/sweep_biosimvr.json
module	car_t_designer	104	2	validated	benchmarks/sweep_car_t_designer.json
module	cell_free_opt	109	3	validated	benchmarks/sweep_cell_free_opt.json
module	cell_twin	194	5	validated	benchmarks/sweep_cell_twin.json
module	cellfatenet	207	3	validated	benchmarks/sweep_cellfatenet.json
module	cellpainter	291	3	validated	benchmarks/sweep_cellpainter.json
module	cellpainter_4d	242	3	validated	benchmarks/sweep_cellpainter_4d.json
module	cfd_offtarget	157	2	validated	benchmarks/sweep_cfd_doench.json
module	chem_descriptors	923	2	validated	benchmarks/results.json (VERDICTS table)
module	chem_similarity	234	1	validated	benchmarks/results.json (VERDICTS table)
module	chemgpt_engine	305	6	validated	benchmarks/sweep_chemgpt_engine.json
module	codon_opt	289	7	validated	benchmarks/sweep_codon_cai.json
module	crispr_cargo	162	3	validated	benchmarks/sweep_crispr_cargo.json
module	crispr_muse	285	3	validated	benchmarks/sweep_crispr_muse.json
module	crispr_opt	672	9	validated	benchmarks/sweep_crispr_ontarget_fcres.json
module	crisprater	97	4	validated	benchmarks/sweep_crisprater.json
module	crisprscan_score	178	2	validated	VERDICTS table + CRISPRscan finding
module	dark_genome	207	3	validated	benchmarks/sweep_dark_genome.json
module	deepsplice	751	29	validated	discovery/splice_region_vus/cv_results_me.json, maxent_cmp.json
module	dna_to_code	132	2	validated	benchmarks/sweep_dna_to_code.json
module	docking_studio	535	17	validated	benchmarks/sweep_docking.json
module	dti_bench	201	3	validated	benchmarks/sweep_dti_bench.json
module	ecosystem	182	3	validated	benchmarks/sweep_ecosystem.json
module	enterprise_bio	260	5	validated	benchmarks/sweep_enterprise_bio.json
module	epi_edit	194	3	validated	benchmarks/sweep_epi_edit.json
module	evidence_mining	418	1	validated	benchmarks/sweep_evidence_mining.json
module	evofold_4d	239	5	validated	benchmarks/sweep_evofold_anm.json
module	fate_predictor	131	3	validated	benchmarks/sweep_fate_predictor.json
module	gene_analysis	278	10	validated	benchmarks/sweep_gene_analysis.json
module	gene_explorer	153	3	validated	benchmarks/sweep_gene_explorer.json
module	gene_tx_opt	149	3	validated	benchmarks/sweep_gene_tx_opt.json
module	genomegpt	279	4	validated	benchmarks/sweep_genomegpt.json
module	infinite_diagnosis	185	6	validated	benchmarks/sweep_infinite_diagnosis.json
module	liquid_biopsy	411	7	validated	benchmarks/sweep_liquid_biopsy.json
module	living_computer	863	3	validated	benchmarks/sweep_living_computer.json
module	living_tx	200	3	validated	benchmarks/sweep_living_tx.json
module	metabodesigner	190	4	validated	benchmarks/sweep_metabodesigner.json
module	micro_tx	238	3	validated	benchmarks/sweep_micro_tx.json
module	microaiverse	147	3	validated	benchmarks/sweep_microaiverse.json
module	microbiome_exp	120	3	validated	benchmarks/sweep_microbiome.json
module	microbiome_rx	180	3	validated	benchmarks/sweep_microbiome_rx.json
module	mit_offtarget	154	2	validated	VERDICTS table; sweep/crispr_vs_crispor.py
module	molecule_eval	149	2	validated	benchmarks/sweep_molecule_eval.json
module	mutdock	337	15	validated	benchmarks/sweep_mutdock.json
module	neodti_engine	283	4	validated	benchmarks/sweep_neodti_engine.json
module	neohunter	358	11	validated	VERDICTS neohunter section
module	neuro_hub	57	3	validated	benchmarks/sweep_neuro_hub.json
module	neuro_hub_dashboard	31	3	validated	benchmarks/sweep_neuro_hub_dashboard.json
module	neuro_pipeline	381	4	validated	benchmarks/sweep_neuro_pipeline.json
module	neuroplan_ai	387	7	validated	benchmarks/sweep_neuroplan_ai.json
module	nexus_support	321	3	validated	benchmarks/sweep_nexus_support.json
module	omega_stats	161	4	validated	benchmarks/sweep_omega_stats.json
module	oncocircuit	124	2	validated	benchmarks/sweep_oncocircuit.json
module	openclinvar	514	22	validated	benchmarks/sweep_openclinvar.json
module	organoid_ai	226	4	validated	benchmarks/sweep_organoid_ai.json
module	organoid_screen	304	8	validated	benchmarks/sweep_organoid_screen.json
module	pdx_insight	157	3	validated	benchmarks/sweep_pdx_insight.json
module	pgx_guidelines	287	0	validated	benchmarks/sweep_pgx_cpic.json
module	phage_designer	82	3	validated	benchmarks/sweep_phage_designer.json
module	phage_tx	166	4	validated	benchmarks/sweep_phage_tx.json
module	phageforge	118	3	validated	benchmarks/sweep_phageforge.json
module	prime_design	263	4	validated	benchmarks/sweep_prime_design.json
module	profile_hmm	747	3	validated	benchmarks/profile_hmm_cv.json, profile_hmm_cv_local.json
module	promoter_lib	143	2	validated	benchmarks/sweep_stability_promoter.json
module	protein_painter	173	4	validated	benchmarks/sweep_protein_painter.json
module	qsar_bench	389	4	validated	benchmarks/sweep_qsar_descriptors.json
module	rarenet_ai	366	20	validated	benchmarks/sweep_rarenet.json
module	report_studio	222	2	validated	benchmarks/sweep_report_studio.json
module	riboswitch	142	3	validated	benchmarks/sweep_nussinov.json
module	rna_decoder	144	3	validated	benchmarks/sweep_rna_decoder.json
module	rna_nussinov	387	2	validated	VERDICTS table; sweep/rna_vs_vienna.py
module	robotic_flow	143	3	validated	benchmarks/sweep_robotic_flow.json
module	stability_ai	199	6	validated	benchmarks/sweep_stability_promoter.json
module	str_scope	340	3	validated	benchmarks/sweep_str_pytrf.json
module	structural_biophysics	528	7	validated	benchmarks/sweep_vina_score.json; benchmarks/sweep_sasa_freesasa_recheck14.json
module	syn_bio_studio	58	2	validated	benchmarks/sweep_syn_bio_studio.json
module	syn_stab_ai	77	3	validated	benchmarks/sweep_syn_stab_ai.json
module	synbio_studio	113	4	not yet validated	
module	synbio_wizard	224	2	not yet validated	
module	syndroid	231	2	not yet validated	
module	synlife_evo	278	4	not yet validated	
module	synthetic_life	197	2	not yet validated	
module	tissue_eng	193	2	not yet validated	
module	vector_opt	100	3	validated	benchmarks/sweep_vector_opt.json
module	virtual_cell	504	3	not yet validated	
bio	align	164	1	validated	benchmarks/sweep_align_parasail.json
bio	bed	180	1	validated	benchmarks/sweep_bed_bioframe.json
bio	chembl	184	0	validated	benchmarks/sweep_chembl_order.json
bio	codon	170	2	validated	benchmarks/sweep_codon_cai.json
bio	de	218	2	validated	benchmarks/sweep_de_pydeseq2.json
bio	entrez	196	2	validated	benchmarks/sweep_entrez_hgnc.json
bio	fasta	55	3	validated	benchmarks/sweep_fasta.json
bio	fastq	183	1	validated	benchmarks/sweep_fastq_biopython.json
bio	genbank	103	2	validated	benchmarks/sweep_genbank_biopython.json
bio	gff	237	1	validated	benchmarks/sweep_gff_gffutils.json
bio	gnomad	122	0	validated	benchmarks/sweep_gnomad_constraint.json
bio	gstats	194	1	validated	benchmarks/sweep_gstats_scipy.json
bio	kmer	261	1	validated	benchmarks/sweep_kmer_sourmash.json
bio	motif	198	1	validated	benchmarks/sweep_motif_biopython.json
bio	newick	248	4	validated	benchmarks/sweep_newick_biophylo.json
bio	orf	189	1	validated	benchmarks/sweep_orf_orfipy.json
bio	pdb	346	1	validated	benchmarks/sweep_pdb_gemmi.json
bio	phylo	232	1	validated	benchmarks/sweep_phylo_dendropy.json
bio	pileup	148	1	validated	benchmarks/sweep_pileup_pysam.json
bio	primer	278	3	validated	benchmarks/sweep_primer_primer3.json
bio	proteinprops	261	1	validated	benchmarks/sweep_proteinprops_restriction.json
bio	pwm	63	2	validated	benchmarks/sweep_motif_biopython.json (via bio.motif)
bio	reactome	63	0	validated	benchmarks/sweep_reactome_download.json
bio	restriction	150	1	validated	benchmarks/sweep_proteinprops_restriction.json
bio	rnaseq	201	1	validated	benchmarks/sweep_de_pydeseq2.json
bio	sam	221	2	validated	benchmarks/sweep_sam_pysam.json
bio	sequence	174	6	validated	benchmarks/sweep_sequence_biopython.json
bio	splice	682	11	validated	benchmarks/sweep_splice_clinvar.json
bio	stockholm	260	1	validated	benchmarks/sweep_stockholm_biopython.json
bio	structures	267	13	validated	benchmarks/sweep_sasa_freesasa.json
bio	uniprot	106	2	validated	benchmarks/sweep_uniprot_hgnc.json
bio	vcf	263	2	validated	benchmarks/sweep_vcf_pysam.json
