1458810	chr4	5793722	5.007
2674996	chr2	71669210	2.56691
1686027	chrX	22076478	8.30198
1458606	chr3	48578316	3.03988
2203499	chr4	1003631	0.79226
2873453	chr13	102846357	8.60238
418279	chrX	153867993	2.36163
418390	chr5	177244275	3.64291
2020494	chr14	95111312	6.0874
1702976	chr22	24502219	3.63985
3366900	chr7	94418558	3.64009
3254969	chr17	59644486	8.61566
418734	chr11	64807174	5.77206
101109	chr2	188991728	2.57995
1455253	chr1	115705187	5.45457
801400	chr15	80513981	5.40272
228869	chr11	47347854	0.148984
98825	chr1	68449890	5.11576
2570651	chrX	49075861	5.3097
4531848	chr22	38123090	6.89416
3384079	chr3	33051879	4.81354
12664	chr17	68528994	1.21409
3012339	chr16	66536959	4.02791
1073273	chrX	18584357	6.24863
1350756	chr2	71568087	9.993
3643400	chr9	127651657	6.43455
4900190	chr8	43147066	0.986394
3255712	chrX	149503309	6.72872
3601781	chr7	107675113	8.68995
280710	chr17	50192792	7.56171
3340282	chr17	50191378	5.75432
3650	chr16	23452822	2.72557
2444602	chr9	72740214	6.641
35468	chr1	231275503	8.669
29978	chrX	132080001	2.41461
11106	chrX	154411957	6.74916
422353	chrX	53238140	7.81049
504412	chr3	70965885	7.56227
3066070	chr9	72792356	5.11882
9170	chr5	70946182	2.78771
1685374	chrX	71122349	3.27817
850256	chr17	50198428	2.62425
1435255	chr9	127660112	8.90302
2910403	chr16	57458353	2.99364
425912	chr2	202532735	0.310228
2117944	chrX	22212963	8.00188
488563	chr2	69406017	1.5062
3583738	chr19	35850956	4.54797
661953	chr1	33021588	1.48541
2138084	chr17	50198156	7.84657
1181	chr8	142874953	3.8905
3771562	chr1	160279796	5.96932
95529	chr1	63402348	9.554
1676189	chrX	153867993	2.36163
3661246	chr17	50196150	6.08102
585760	chr8	142874952	6.5914
1202140	chr17	18143622	0.214307
2584773	chr3	120638449	2.69985
66854	chr1	156137237	6.283
4755447	chrX	153872147	0.724441
547193	chr8	60845412	4.4354
814027	chr4	64281471	4.09466
4952570	chrX	120469101	2.90191
456768	chr17	50187871	7.87828
2031803	chr9	134765739	3.90515
633721	chr12	114401821	4.84038
8755	chr15	48226575	7.5032
42394	chr15	48446701	6.89243
2671846	chr5	13901249	2.3341
159098	chr5	37003352	7.15332
1175775	chr10	92639905	5.054
159076	chr5	36995809	9.37502
636996	chr6	52050152	2.40926
1065593	chr19	40398615	3.89322
39491	chr2	232484469	0.114961
4918	chr10	71799634	4.05546
4278447	chr19	35302711	2.70809
376	chr20	45893314	2.97039
438569	chrX	22090502	5.75245
432514	chrX	103786729	6.56834
17206	chr2	189003067	7.13113
1691826	chrX	108568678	8.993
1027514	chr7	5711758	4.78956
4755494	chr5	36953765	9.501
1077045	chrX	108606895	8.27339
1312331	chr11	94471568	3.77073
44196	chrX	70023246	0.73074
2683924	chr9	127660113	9.42613
426246	chrX	22190507	6.552
4071464	chr17	37704912	7.83591
565358	chr5	37057336	1.55698
929650	chr3	10046729	3.78657
98218	chr17	46010405	5.27845
811509	chrX	139537178	6.88498
872892	chr6	118632450	2.22424
3885	chr5	74715695	6.26482
1212994	chrX	18609575	3.68362
187860	chr10	133369901	1.28828
215275	chr7	144591419	6.70372
522675	chr20	10645351	7.88294
4747120	chr2	214978313	5.36714
101482	chr2	189003065	0.939409
2865	chr2	46909018	6.39511
30278	chr11	71442260	2.58423
1685464	chr5	14381255	-0.161606
1752804	chr15	48437765	1.32367
378044	chrX	64921812	6.98548
4082298	chr3	14148557	4.55313
2679888	chr17	65541450	7.55573
419594	chr20	6087773	4.94409
1458230	chr2	151664754	7.62426
1878790	chrX	49075361	1.79731
421309	chrX	53413227	2.27056
4888371	chr7	94419554	1.12017
211774	chr5	69534844	4.557
1311011	chr12	47986332	0.529614
3594187	chr7	100633412	0.573504
1064588	chr6	135429877	3.36985
180957	chr11	47341134	6.65487
4884225	chr21	44291213	0.114551
1319902	chr5	37026332	7.40044
438188	chr4	656295	4.04974
32	chr10	97600167	1.37213
2932530	chr15	48427564	3.96407
801457	chr1	21884523	2.63069
5507	chr10	96271349	2.56802
432107	chrX	153866644	7.54006
424565	chr13	50948073	6.97
1069597	chr19	855799	1.55496
3068760	chrX	139537391	5.96861
3574633	chr12	47987075	1.68237
2734775	chr5	126568254	4.73869
101425	chr2	188988139	7.32224
12688	chr1	115033529	1.95129
240065	chr3	52406826	2.64987
438507	chrX	22076480	6.86835
1476045	chr2	44300093	4.43347
552335	chr2	151663543	7.6452
2093	chr7	24706180	-0.69622
3248667	chr5	90728938	2.68533
865888	chrX	38322848	6.35568
663567	chr7	21659034	4.17336
1064844	chr3	136623141	4.90665
47864	chr9	72816213	4.92497
50258	chr12	48980693	4.68251
98801	chrX	38310610	1.58785
432088	chr12	80444854	7.09654
2779969	chr1	94056597	2.69337
3393160	chr14	102922736	1.46694
504381	chr19	17338456	5.94492
3068520	chr5	14471469	4.06962
989156	chr15	44600463	6.56945
996755	chr17	35177615	6.72957
3337928	chr6	75105201	3.20382
1354053	chr20	58903590	5.33552
207599	chr11	6619191	1.87056
1713142	chr7	150950163	1.53439
2735846	chr12	47995250	5.9396
217730	chr8	93809166	8.87902
417978	chr1	94112968	7.65676
3359169	chr19	32843850	6.58794
265962	chr9	130489469	5.44449
810952	chr9	127829682	3.52445
462862	chr9	6565349	6.81635
3248774	chr19	54128382	3.18044
527158	chr15	48508577	2.35069
4856390	chr19	13261445	3.40303
281945	chr18	23544955	5.76291
4903834	chr9	98081087	2.2342
3366315	chr15	34257636	7.46666
2632769	chrX	41561554	7.49995
425914	chr2	202532736	2.23641
4280629	chr1	21842235	4.34995
1066263	chr4	158695646	7.02001
1711154	chr22	41517636	6.38062
3193834	chr10	221361	9.01958
56291	chr16	28482472	6.3737
1320147	chr5	88804593	7.46944
15976	chr17	63917755	5.0842
141882	chr9	21994134	3.18117
158363	chr16	3745274	0.931165
11661	chrX	20194186	4.15339
2021586	chr2	169479617	8.813
549207	chr15	48474523	2.00019
493307	chr2	189056968	5.91576
4891695	chr6	33777133	1.84767
4726573	chr3	48567571	1.28117
1066112	chrX	37783605	6.93176
557295	chr2	151561203	3.78087
3016826	chr1	21576646	7.92245
1796034	chr10	78035725	6.68216
638642	chr2	71520907	3.15187
2308991	chr13	35041167	5.98484
380490	chr12	52515795	4.82427
4849595	chr11	47347852	6.09037
40005	chr2	113060943	1.98257
204285	chr10	97600168	8.54655
1708237	chr21	31696110	1.42923
3654299	chr8	60808277	8.654
3255906	chrX	149490309	6.74981
3255330	chr2	47060976	7.95126
47957	chr3	46705910	0.986811
587863	chr15	89319225	0.509827
438078	chr1	197429619	7.35859
430140	chr18	7025974	4.55102
4929858	chr16	50781414	6.31858
4681	chr15	43022697	5.25961
41497	chr5	41793998	7.42751
580106	chr5	128302968	7.83473
1217750	chr17	50196152	0.33811
1507314	chrX	101358612	4.69173
30744	chr7	34062052	7.902
15968	chr17	63918011	1.80006
390237	chr15	84863645	9.457
592142	chr3	108213928	2.54832
2497971	chr5	87374922	6.8993
2734046	chr1	173917214	3.83009
211768	chr15	27983340	7.17989
99385	chr1	94011256	2.82611
984437	chr7	96296893	4.55462
218899	chr1	165752099	1.77749
1460042	chr3	48575202	1.71683
871267	chr9	127678537	2.31083
3676997	chr1	102961861	7.45731
4884625	chr5	36955641	4.3324
4528364	chrX	21869683	2.76816
2429384	chr17	50189996	7.66585
2809904	chr15	57197830	9.45242
225177	chr7	157367488	5.0951
2910369	chr15	42402138	4.01395
11094	chrX	103789401	1.1609
5283	chr10	98435267	6.3525
1700623	chr4	125477337	6.34176
981320	chr7	146116976	2.64018
4688174	chr1	215758592	3.93491
812506	chr8	18059567	4.31539
10870	chrX	14850500	5.31465
5983	chr15	55230398	1.24878
3026522	chr2	148463924	4.3922
3391481	chr5	37010230	4.0975
50794	chr2	73844893	3.71632
1710415	chr9	3277337	3.03011
39640	chr19	48297995	4.22714
4879915	chr2	26479259	5.61917
835648	chr5	148065377	4.562
218140	chr12	56355703	1.6152
43493	chr7	107689203	7.42451
55870	chr19	6361944	4.21489
2580866	chr12	120989037	9.514
989112	chr2	32128482	1.41657
4890703	chr1	158635908	7.15343
14236	chr4	99611245	8.36257
4710849	chrX	22076479	8.971
209991	chr18	6977724	0.922213
3043757	chr20	51790016	1.08684
788800	chr14	29632863	-0.109126
388959	chr19	50223355	0.172528
2780478	chr5	80725570	0.698244
1645832	chr5	136033864	3.01594
4874762	chrX	120557920	1.11347
627666	chr15	48427561	2.20272
128945	chr2	71528407	-0.622409
4947239	chr22	25847658	0.343724
4967701	chr1	39432658	-0.0486535
3354605	chr16	3736030	-0.528803
2046723	chrX	20172741	-0.173126
776889	chr15	50632866	1.77379
255278	chr15	80181163	0.729661
3030625	chr7	83386977	0.919024
1167965	chr20	33770298	0.655929
284280	chr6	152244534	1.88212
367325	chr9	74816886	0.973961
227105	chr6	123393619	0.00344094
3031521	chr1	151365557	-0.258953
3711491	chr6	157148955	-0.405181
717720	chr2	238397683	0.776331
774695	chr11	69057698	1.02622
4822760	chr20	37397860	-0.116016
2893012	chr9	137242027	-0.826646
4917167	chr1	158661281	2.14195
142462	chr16	68801898	4.03704
506353	chr17	562500	0.235189
2645072	chr15	28245877	0.188929
4963022	chr3	53772904	-0.0671496
3030104	chr10	94258927	1.56764
4917893	chr12	88090724	0.445937
3352359	chr1	203723991	1.10158
3059517	chr3	120709774	0.0551102
916799	chr11	95857547	3.01621
465060	chrX	77656554	-0.216559
3030467	chr17	73348594	2.49666
3036262	chr5	119477505	0.902724
3354086	chr3	45833044	-1.0682
4899529	chr8	11757087	-1.15364
506081	chr20	62289334	-3.7919
2781422	chr12	49039219	0.711614
1463720	chr9	95469809	0.0131339
3031851	chr11	26542072	0.264811
295714	chr1	21830977	1.00454
1739007	chr14	75018824	-1.2057
516146	chr5	146128666	-0.24363
2054274	chr16	70475771	-1.83317
1434580	chr1	1804415	-0.564496
366032	chr9	137834528	-1.84741
2153456	chr9	85942286	1.18848
4534221	chr11	1235416	0.792339
730517	chr19	50322972	0.449441
3341651	chr1	1485177	-3.24857
3036133	chr10	100529377	1.90973
4909517	chr10	110599815	2.82304
2645699	chr15	89727331	2.16075
1064092	chr11	118480242	1.19206
728248	chr20	62313083	1.78133
2067730	chr9	127653802	0.138472
739247	chr7	106026699	-0.0703071
3348075	chr3	9745712	2.38135
323349	chr17	42795524	1.06993
668686	chr4	120821165	-1.90501
392352	chr2	178802132	-0.629756
784724	chr20	41512842	-1.05484
716478	chr19	35849230	0.0131102
1165516	chr17	78123984	-2.34335
964506	chr1	11233395	0.688583
541429	chr7	26193569	-0.193071
2988550	chr16	9840644	0.612732
256530	chr19	38490735	0.258181
713107	chr12	9074556	-0.404913
474984	chr1	32279998	0.665488
469217	chr19	50407421	-0.34263
2642443	chr11	118648081	3.22956
2049463	chr6	78970043	0.213969
2645586	chr15	76857803	0.246638
365820	chr9	136199675	0.296386
1178581	chr5	179618141	-2.41428
1255380	chr11	31632409	0.579598
3046150	chr6	89749540	-0.369315
4316004	chr5	37341085	0.90552
506802	chrX	53580828	-0.653693
4862932	chr17	58724103	0.753654
4930958	chr16	70974168	0.402323
4905929	chr9	137011628	0.468756
508832	chr2	169018047	1.26793
787261	chr3	184578010	0.863803
1286842	chr14	99851039	1.69415
4951525	chrX	71561906	0.670449
1562012	chr3	94094297	3.48253
299786	chr10	27158690	8.45498
2040629	chr19	35723507	-1.17168
226748	chr14	23388150	-0.129535
776488	chr10	286267	4.81569
3342062	chrX	53560185	0.102504
720735	chr6	131674285	-1.3712
4821461	chr16	67629537	4.0255
791077	chr11	614471	-0.0574803
810278	chr8	38427918	1.29009
4872174	chr1	11194665	-0.0320157
4953809	chrY	7025146	2.30906
285149	chr21	46002407	-1.35427
4906339	chr9	137984254	-0.257346
4965723	chr3	196068029	0.263457
1498712	chr1	64844751	-0.0684882
777874	chr14	55647013	0.299315
4913301	chr11	77206205	1.20996
3048036	chr2	26285575	-4.1679
4683629	chr11	62639353	-0.0792835
4941466	chr19	17567544	-0.0493622
4075447	chr5	146128973	0.112236
3728772	chr1	11144645	0.350213
2874516	chr10	86921699	0.393496
568908	chr2	199348696	-0.788701
445900	chr3	53241129	-0.325535
4905912	chr1	3831040	-0.594622
415733	chrX	10187618	-4.46281
4944978	chr20	37394281	-3.42836
3025313	chr15	50570100	2.58197
4753494	chr3	184166270	-0.103535
2647823	chr17	44207861	0.140094
2275563	chr3	151360611	3.35709
588245	chr20	63495853	0.822874
2228505	chr16	1760535	1.1999
345411	chr3	45772501	-1.8215
4903843	chr1	102997076	-0.23615
96121	chr12	101761122	0.439598
1633581	chr8	69831761	-0.00593701
4926634	chr15	90760283	0.051315
3773061	chr17	17221531	-0.526685
3061500	chr17	8484134	-0.54926
3041714	chr2	32549487	1.21018
4944841	chr20	35491350	0.0628504
787528	chr1	85097661	-0.241764
309613	chr12	52649908	-0.272756
745742	chr11	102797252	3.00642
3652619	chr1	193135593	6.47023
3031351	chr16	56836722	0.186575
240406	chr12	132672209	-0.156299
4955498	chr2	71454092	1.29639
791956	chr3	142684400	0.152591
258488	chr22	26625625	1.99806
4963478	chr3	101232777	0.0144016
3352242	chr2	25245248	2.46465
356662	chr6	39916062	-0.129339
716229	chr17	61405841	2.53746
2652625	chr21	33569091	0.498984
129871	chr11	66238852	-0.847457
347923	chr4	157143963	2.49443
283797	chr2	19930393	0.14952
715565	chr2	219468740	-1.00047
791320	chr12	108852635	-0.1
512007	chr3	49101617	-0.00470866
1806333	chr20	31831147	0.689559
1593411	chr16	46710632	0.256008
1593000	chr13	110424872	-2.19888
241984	chr2	232130723	0.72385
211560	chr17	10406035	-0.0769134
4961273	chr3	10338172	-0.396992
1586727	chr19	8146121	-0.021
1913121	chr13	101089840	-0.361898
324152	chr17	4956892	4.01585
381851	chr3	131501527	0.232646
2415902	chr19	11023637	-1.41146
919546	chr3	38555650	0.139378
3053739	chr11	126338404	-0.326543
4085820	chr12	21848146	0.571142
3043286	chr19	8868537	-5.01444
1166867	chr11	63633021	3.48386
4974454	chr6	33171265	3.33149
1167553	chr3	58200992	-1.26126
3039957	chr12	121548874	3.74957
711935	chr5	177458054	0.314189
1654447	chr3	134537272	0.476165
3257487	chr17	7891069	0.74189
715489	chr11	34142354	0.664417
4683902	chr14	74484412	2.66965
1166755	chr3	184170227	0.256016
3053297	chr7	50089625	0.37822
465610	chr2	151666086	-2.11352
4905404	chr1	109297418	-0.0985827
1525525	chr2	47813787	-0.155134
3051844	chr1	228306642	-0.87226
846000	chr21	34880551	0.744709
796966	chrX	71110499	1.50462
215817	chr2	47369587	-0.278134
304470	chr11	34960522	-0.441929
4901646	chr8	132941547	-0.177598
128902	chr19	45778487	1.19778
260393	chr13	23375113	-0.787346
1565679	chr5	157285482	1.11043
730720	chr17	69249902	0.366583
339263	chr20	62817148	-0.933772
4943396	chr19	49635728	-0.0639449
434302	chrX	136745219	1.14813
513673	chr11	31632410	2.52404
1931217	chrX	22226514	-0.972748
35608	chr11	17406616	-0.542567
4754485	chr17	10691868	0.873543
763326	chr9	114307784	0.0678819
259227	chr19	46839460	2.07782
4958643	chr2	178730087	-0.108291
3037180	chr16	87836492	-0.0549055
4961774	chr1	22517468	-1.31729
682450	chr11	64758431	-0.196055
856422	chr10	102627249	0.152945
710158	chr20	57174925	0.336291
294285	chr1	186153991	0.555189
1601291	chr11	130209582	-2.72777
3348645	chr4	122264432	3.73887
1437802	chr17	17221531	-0.526685
380213	chr12	132643403	0.191024
3052728	chr2	127596560	-0.214795
2706375	chr17	41621590	0.248457
3046733	chr1	150499298	3.19012
457419	chr5	132608731	-0.0152362
773117	chr1	180186188	-0.138394
463665	chr6	123377862	0.55437
4951235	chrX	68197183	0.308016
1379185	chr2	25749693	3.55644
357082	chr6	44313075	-0.0977087
906041	chr4	79983875	0.779787
781382	chr19	8390462	-0.724709
238305	chr3	38478523	7.4588
95642	chr2	144403913	3.74826
130589	chr16	75545349	2.14094
367046	chr9	4567773	-1.30714
2191307	chr19	11010537	0.400913
769268	chr2	230401811	-0.40274
3036542	chr7	2242159	0.924748
1647833	chr9	128222600	1.91587
2645505	chr15	71765202	2.09357
735071	chr2	96289795	1.33847
282033	chr1	160280067	-0.355126
561299	chr5	128377747	5.11088
262453	chr9	133426349	-1.1585
727410	chr16	88722215	-0.111945
682392	chr10	71694262	5.25736
1598760	chr6	31964128	-0.140843
3351737	chr11	8081552	-0.0481024
392111	chr2	32137194	-0.0597165
3257453	chr9	133455440	-1.39209
256459	chr19	38455376	-0.272024
300357	chr10	71323057	4.13646
255341	chr4	1799815	-1.14508
1057456	chr6	52438596	-0.108031
3034537	chr19	34365025	0.283378
4727956	chr9	78266708	0.646756
1682067	chr16	27750310	-0.502661
4725746	chr19	17339031	4.05768
3058049	chr1	153939585	1.13269
777587	chr3	155893704	0.132039
745622	chrX	41229415	-0.231937
781496	chr20	35507857	-0.200291
4513643	chr2	3640336	0.157614
3030912	chr4	20567389	0.959047
3040293	chr16	84453377	-0.44911
3357906	chr22	25890879	0.187134
959775	chr14	95099776	2.97823
4935707	chr1	215813733	1.10313
356365	chr6	32842666	-1.04199
4024815	chr1	241500433	0.595772
738257	chr2	124764150	1.82263
4942928	chr19	45777323	0.00535433
780112	chr4	106231725	2.53052
721128	chr17	7283865	2.34843
1174955	chr1	42958629	1.45294
257265	chr7	2524746	1.51893
714060	chr1	961753	1.61052
726425	chr12	52951650	-0.249748
4914932	chr12	388922	0.649189
703231	chr16	3736644	-3.81344
2128094	chr1	244856723	1.49887
2985776	chrX	10495579	2.14006
777983	chr1	204538313	0.187945
1604187	chr10	125852287	0.0166535
1164714	chr2	55918216	0.0263307
1920466	chr20	45965624	0.701559
515401	chr14	77320428	-0.569559
777360	chr19	2193789	-1.71627
2642578	chr12	3638118	0.322134
3053314	chr19	31349174	-0.13526
3029118	chr17	11705191	-2.0147
4894826	chr1	74336155	0.747465
4951339	chrX	70402700	0.717354
767223	chr8	132583688	-1.02496
4964501	chr3	141487222	0.0831811
2639434	chr1	155709827	0.188764
4898505	chr7	152139180	-2.01558
4722175	chr19	50402127	2.35365
389686	chr2	27459372	0.43937
3035006	chr4	656298	1.61006
1330602	chr7	33022047	-0.199528
4911873	chr11	61780796	-0.551094
791304	chr9	98081086	0.286165
3350177	chr2	239144579	-3.60469
3345864	chr3	18394459	0.0482913
4948927	chrX	13753447	-1.64206
4970891	chr5	80672366	-0.35085
403589	chr3	41915974	0.467157
4931908	chr16	88732603	-0.199165
3051355	chr10	10796908	1.81871
320626	chr16	75628564	-1.24379
771321	chr1	227816258	-0.311945
1977746	chr6	3157401	0.409685
862933	chr6	42188576	0.355858
4311507	chr5	138561575	2.03028
3773018	chr7	116769794	1.82337
3045659	chr12	117524849	0.50478
3034347	chrX	49077638	2.14198
586783	chr3	177047481	-0.344764
3059380	chr2	140501684	0.00651181
2912383	chr4	113174520	2.78308
235392	chr16	8766273	0.259945
506832	chr10	30315957	0.745205
771943	chrX	3101226	2.79435
2638432	chr1	19419657	-0.924811
791139	chr5	132218541	-0.389543
709700	chr10	70708781	3.78107
3057659	chr15	28144072	0.163142
916970	chr5	149062967	2.4228
4853779	chr7	6402033	0.686898
235427	chr22	50462555	-3.11296
3042401	chr9	96301945	0.519961
783463	chr6	49700663	3.48581
2660527	chrX	49249265	-0.867472
3033050	chr2	165949389	0.145709
712128	chr13	23841329	0.596598
3022142	chr5	157330853	2.7573
4700521	chr14	95105067	-0.375937
4918141	chr12	100402750	2.3369
1164728	chr5	66038488	0.36126
3035582	chr22	43886297	0.914803
719864	chrX	9739481	4.95491
4966581	chr1	39285762	5.1993
2131761	chr2	47822214	6.31393
4937579	chr17	81511900	-0.16178
2732456	chr19	11438128	-1.32727
240405	chr12	132672210	0.285409
4795870	chr10	101612334	1.6839
582462	chr5	132591412	0.0314016
1192458	chr8	61525971	0.606929
851962	chr19	11058895	-0.123307
1551865	chr20	62322015	-3.8403
4901359	chr8	102224879	-1.03191
1235804	chr5	7757592	-0.524724
2221257	chr7	80135283	9.44
226789	chr17	18153901	-1.60706
652464	chr18	58383323	-0.829717
3348932	chr12	20648897	0.084937
2681225	chr19	41124910	-0.556283
461894	chr15	33624026	5.69002
4280928	chr1	225353894	0.556055
770902	chr4	48544779	0.372606
4933072	chr17	6599231	2.38691
2700498	chr5	62381257	2.42654
385027	chr17	81704435	-0.736268
835625	chr9	137744095	-1.33606
2650637	chr2	3701640	-1.11258
4892825	chr6	72179920	0.833622
767719	chr1	161170774	1.24766
788315	chr19	48806994	0.152228
1628753	chr11	77118358	-0.759079
4954856	chr2	44343739	1.29626
4900863	chr8	73976497	0.532669
768445	chr11	47279082	0.254
760228	chrX	48814899	0.24489
2038370	chr1	150349224	3.07875
771858	chr3	179754859	-0.517614
2052152	chr1	219988585	1.99102
771454	chr12	7924406	0.760134
883906	chr12	110342451	1.4317
1133100	chr16	1218046	-3.82021
791157	chr2	176152072	2.33761
4941138	chr19	13923458	-0.85463
4301081	chr4	103140251	-0.15889
1558619	chr6	156779477	0.461559
788517	chr3	130571397	3.88198
4948431	chr22	50233313	-0.774724
720821	chr12	103638218	-0.482197
255323	chr4	1803841	-0.589354
3045838	chr11	48163622	-0.876008
2725468	chr11	64297004	1.71617
282010	chr14	64027796	0.585126
4897469	chr7	107661811	-0.342882
2681596	chr1	203305751	4.88973
773366	chr20	2332315	-0.592402
260003	chrX	48524077	8.57964
2036364	chr8	41949216	-0.054063
787165	chr2	241651116	-3.02732
167629	chr1	237631547	0.577024
2980977	chr17	38740288	0.576543
3030778	chr12	48139916	-0.269748
2568040	chr22	29681606	0.924953
710370	chr15	28274900	2.37076
329525	chr19	45364418	-2.08064
3057963	chr8	2052319	0.165984
2570779	chr10	133293035	-1.41523
3048062	chr17	78491439	-0.678953
93362	chr19	41414162	3.74051
1326218	chr14	102027837	-2.05905
1585716	chr17	18285401	-0.262709
338553	chr20	46011752	-0.270134
2653288	chr22	45525684	0.179732
435019	chr2	232483410	-0.309441
334036	chr2	210677140	0.323433
2647614	chr17	29534305	1.60284
425237	chr2	178436139	-0.0104094
408293	chr2	189066723	-5.018
512128	chr16	1580756	-0.934598
3040057	chr18	70196495	3.4164
3030416	chr12	88192833	4.0692
4972121	chr5	137871010	6.01619
710823	chr17	1745218	-0.0831181
3903672	chr17	35119527	-0.114205
721323	chr3	186731632	0.294898
44473	chr14	23393661	-0.225701
484747	chr17	58703333	0.494764
508103	chr19	8548030	0.0472677
732698	chr10	104077416	4.93165
4896476	chr7	84011016	-0.796331
788433	chr12	30723254	0.0997244
283150	chr9	134691085	-0.102252
777818	chrX	108732576	0.0587323
461091	chr17	61859790	3.41382
345839	chr3	48579780	-1.07838
4969852	chr5	35691260	1.21199
650618	chr12	115991017	2.55797
2896011	chr16	66548975	3.18531
4965126	chr3	183086687	0.0727638
3059961	chr1	75157080	5.97137
1015749	chr1	8358193	1.05728
669742	chr9	135791884	0.301307
724713	chrX	53628489	1.60966
3041029	chr19	44974602	5.11818
3043848	chr2	86123766	-0.773898
2706678	chr1	108185824	0.647866
158583	chr7	148809304	0.720394
472890	chr16	81907780	-0.223291
4857590	chr2	108719683	5.27418
771516	chr19	17546801	1.21676
3044802	chr14	105147766	0.595181
416425	chr7	21749804	4.34654
3347952	chr12	49027799	0.400331
137755	chr17	75517075	2.28415
1314862	chr20	64022881	1.25719
199119	chr9	131049135	-0.368913
822918	chr17	35101196	4.63958
515467	chr10	68199581	-0.286905
389253	chr19	35780821	0.0374567
788019	chr19	11236788	0.211087
345607	chr3	4658283	0.725449
767839	chr2	200605631	-0.185583
2661040	chrX	100701216	-0.412976
964490	chr21	34886839	0.533504
4924364	chr15	42386288	1.66357
3043731	chr2	72514630	0.278362
709102	chr8	30612294	0.115016
3356185	chr2	27459704	3.22356
4931023	chr16	71175601	-1.06924
1643018	chr10	80157637	-1.07757
511568	chr1	40091324	0.0657244
260592	chr3	47007703	-1.02306
1335541	chr3	143796820	0.769126
847010	chr1	241513597	1.47302
475644	chr20	46048088	-0.981906
1203533	chr3	139347048	-1.02322
1796666	chr22	23833706	1.63345
4925129	chr15	52383087	2.57707
4973921	chr6	24784559	2.18306
4923994	chr15	33550321	0.543213
3041500	chr20	35493577	-0.658693
3910073	chr1	24331616	-5.53
3354606	chr9	26984359	3.06424
789840	chr7	2938676	1.61528
129739	chr2	151679913	0.944079
509568	chr2	148470465	0.219606
3388186	chr2	74560146	-1.44037
2834303	chr9	137619054	1.66857
800181	chr12	40315306	3.2257
459204	chr7	148828735	3.23291
577971	chr9	137782402	2.45513
1304746	chr14	102949759	-0.178913
93921	chr21	46124924	0.870717
715723	chr8	9707001	-0.111331
4820785	chr20	2332316	-0.0815748
728977	chr17	7253002	0.521299
3250575	chr7	142005662	-0.168787
1167147	chr7	2917284	1.87321
779318	chr11	117203888	-1.74666
3047856	chr12	20855174	-2.10917
3030364	chr13	39719371	-0.0327008
1092082	chr14	99257466	2.82189
4970822	chr5	77337319	-0.0372362
769876	chr15	41822425	0.898071
4959705	chr2	215380807	2.03942
745686	chr11	121590179	1.23735
2719644	chr9	83973283	1.83232
1316558	chr16	58504652	1.00716
2815533	chr19	53814904	2.21728
1164412	chr6	35318003	1.54253
3042875	chr1	225922198	-1.77317
2050477	chr6	78997408	-0.663827
780466	chr4	71350075	0.00684252
3034226	chr4	15511429	1.73201
1643057	chr11	72586067	0.602071
538281	chr2	29531911	1.1925
1599570	chr20	62323450	0.208654
3039871	chr2	157544441	-0.733764
263318	chr17	44901658	0.245252
3052093	chr4	82878727	2.33358
789457	chr19	7467689	3.14174
138830	chr15	77035569	-0.541591
4970202	chr5	39134202	0.898441
1167978	chr5	35871217	0.394591
2653290	chr22	45543532	0.545
2718009	chr17	80337732	-0.809465
3050634	chr11	31328114	1.76222
4872599	chr3	151087031	0.536142
3911574	chrX	71296664	0.11578
2698159	chr9	2101621	0.703197
734630	chr14	64731175	-0.154866
572074	chr1	9716622	2.41698
1598749	chr3	184182050	1.27488
3030385	chr9	138120376	-0.42422
4684001	chr1	196912926	3.05435
773030	chr12	123918952	0.306669
4918647	chr12	112250966	0.104693
1283547	chr11	540865	4.27584
517908	chr19	51346894	-0.188717
210624	chr16	89191897	-0.178929
1139282	chr12	13567019	3.61555
532674	chr21	34892921	0.639929
4973416	chr5	180619249	-0.981882
331085	chr2	127288657	-0.0466378
262253	chr13	101124603	-0.479756
4906029	chr9	137020333	-0.0740472
4908757	chr1	145927354	0.365126
1278958	chr14	21402330	1.9664
1166818	chrX	48686137	0.148874
4953082	chrX	138702978	0.0846063
2140157	chr10	102656388	1.90966
708018	chr22	45535343	1.48289
1301823	chr17	35155468	1.07068
2639784	chr1	201780563	-2.0778
93292	chr19	38502732	0.042811
3353646	chr2	27461263	-0.0300236
722169	chr1	21854844	-0.00626772
697861	chr15	55498203	0.927339
697311	chr18	22183049	2.01169
466904	chr2	178722656	1.86995
2851379	chr2	177233245	-0.149283
4945751	chr1	236719019	0.51863
742710	chr16	69653432	-1.24572
1680203	chr4	1958042	0.073811
775735	chr2	72575489	2.33424
436316	chr5	68279739	1.2991
1206531	chr18	70092670	-0.551134
3053481	chr17	37731589	0.718378
789913	chr1	21472920	1.08518
4916184	chr12	40257383	0.0231496
3034732	chr4	95548728	0.276283
3054727	chr15	28117010	0.553843
4952027	chrX	101357503	1.34
919874	chr3	46860957	0.835827
2901938	chr18	58316038	0.289394
852037	chr11	64807886	-1.61636
743989	chr16	10902806	4.1693
4075139	chr5	150379411	0.913756
3057735	chr1	10536302	-0.0965827
3036183	chr9	72648668	1.35807
3048182	chr17	35834604	0.0937953
3029433	chr11	66523886	3.84121
4911211	chr11	34083047	1.24628
2644228	chr14	50591079	0.819772
2126565	chr14	105315041	0.754819
680903	chr2	61284869	0.167465
800240	chr11	126021245	0.603307
1208386	chr18	47869238	3.24169
4705987	chrX	119852767	-0.440496
3036504	chr11	118662875	-0.579504
3042931	chr14	96329479	-0.632701
490830	chr3	52402773	0.763858
4894391	chr6	151436441	0.584969
391033	chr2	135943374	1.14831
2420721	chr5	157302893	1.85413
2855666	chr11	74005727	1.72969
380440	chrX	111721716	0.100378
1430884	chr1	11112847	6.56621
716531	chr8	42048373	6.37905
2044927	chr17	41621590	0.248457
1701195	chr12	30649131	-2.18308
714792	chr1	235755475	2.6292
709545	chr1	19198795	0.0172047
388549	chr17	35106982	0.122543
1293554	chr6	33664973	-1.5402
2150259	chr3	149140503	0.235843
1178170	chr14	100346740	0.277701
2638427	chr1	19201715	2.17484
356037	chr6	166952485	-0.0277559
2638127	chr1	6587637	0.995126
4936177	chr17	58280362	-0.29148
1012585	chr7	152224429	0.82
1655231	chr15	72555369	0.363654
3897941	chrX	118609352	2.62189
2076132	chr12	64464467	0.0809213
4959554	chr2	208354165	3.39676
1164547	chr10	92649992	-0.116386
3349293	chr6	100393481	0.968567
644204	chr2	232024333	3.37163
3045448	chr8	132941547	-0.177598
3072243	chr11	47333191	1.42098
923163	chr16	15759572	-0.302756
3055614	chr11	47171658	1.49025
403991	chr8	31088969	5.0758
3911366	chr19	11204194	-0.146213
2578963	chr4	84721405	0.0431811
3044166	chr22	20727768	-3.03324
262785	chr4	5745345	-2.70269
4962860	chr3	52366554	0.162976
17187	chr9	134834960	-0.454449
1047968	chr3	48594556	-4.0267
372543	chr1	216418693	0.744102
4960384	chr2	229771635	2.17891
1706585	chr7	105063342	1.03869
402164	chr20	42352288	4.02604
2138401	chr21	44910382	-0.255803
2580873	chr20	44407378	4.95246
3340918	chr9	83975518	6.10161
3242450	chr11	57605998	-0.406811
30685	chr16	1362442	1.10169
1343184	chr21	37490169	0.963929
2138176	chr19	1221203	0.582669
1327536	chr18	47870576	5.32014
636211	chr1	94078714	-0.233189
2444045	chr14	36518029	2.88357
1066974	chr16	30751095	-0.0773701
3250077	chr3	193654856	1.52572
812372	chr4	663761	-0.267071
987407	chrX	38304795	2.07395
2500193	chr18	7038962	-0.38874
643601	chr6	129300729	0.407669
1746471	chr12	51913967	-0.165465
3775079	chr3	11809685	1.63213
590731	chr7	92201435	0.601441
2706934	chr8	60851252	1.82794
636059	chr4	663097	2.52857
3888801	chr18	62157819	0.257205
4857594	chr17	18135704	-0.338441
666553	chr1	151423554	2.44243
9521	chr10	117545628	3.09073
4833	chr7	107689049	1.79806
551563	chr4	1000609	0.843961
3024263	chr12	6349408	2.36728
16868	chr9	113391634	-3.40221
3600264	chr15	48516375	0.277346
283474	chr2	71674190	0.333079
1297689	chr19	1222973	0.475354
4533317	chr11	34071721	0.410512
1064587	chr3	43574873	0.0394488
21815	chr20	63408542	-1.29706
859348	chr1	94080727	4.19212
1067210	chr12	47983447	1.21938
21406	chr5	83537002	3.43498
2910218	chr8	42465925	-0.712213
836280	chr14	95113227	1.56229
48497	chr1	216207437	1.13799
489075	chr12	64481830	-0.226472
4927568	chr16	2091909	3.5181
1723021	chr11	47346378	1.3928
552329	chr22	50625684	0.171866
558118	chr2	210605094	1.57939
4971373	chr5	90783121	0.123512
2431415	chr5	128334853	-0.573724
100183	chr12	6058047	5.2548
1701517	chr7	5528722	4.64843
224743	chr5	90628554	-0.0878031
555549	chr6	129315463	0.375677
3256739	chr9	95506602	3.21413
158960	chrX	150614586	1.65024
4819995	chr9	128693635	1.8468
3398709	chr5	80761532	-0.493984
1324564	chrX	149503492	2.40089
1679489	chr11	103259874	4.01346
188827	chr8	86644689	-0.499346
433394	chr16	16155037	-0.580693
21522	chr22	50083183	2.10024
974174	chr16	89738711	2.57487
2449619	chr9	95449951	0.382591
280136	chr12	49054419	-0.0703937
203845	chr6	49451724	0.0834331
984925	chr15	74182466	-0.238646
1484602	chrX	108584470	0.0491969
4087126	chrX	101398949	1.27394
3897624	chr2	47813380	0.394874
1320200	chr3	41233526	0.108575
4710812	chr16	67649799	0.655189
3255623	chrX	149503499	1.69908
565657	chr9	134780099	0.131827
3658353	chr10	89010750	0.134606
2922434	chr15	48499043	1.31415
1326908	chr3	38608217	2.56162
4525818	chr7	138106595	1.3542
4901207	chr1	94108727	-0.0345354
217146	chr15	42399483	-0.149283
665874	chr12	88093980	0.935992
209129	chr7	141615468	0.412291
548645	chr14	102701275	2.17798
1744356	chrX	77633387	2.00471
159514	chr17	2665369	2.30269
2201215	chr15	90765282	0.570157
804311	chr10	63193157	1.48825
2009301	chrX	64920261	1.85411
4718392	chr14	101994173	1.01802
974523	chr17	37701180	4.25542
617839	chr13	41691945	1.23585
599020	chr2	232481159	2.20291
3340524	chr11	47337797	1.12957
2735661	chr11	64808102	3.70796
3233359	chr18	49490555	1.15575
426448	chrX	53236500	0.631276
4888401	chr1	94186609	0.66652
627204	chr11	64740166	3.52762
548931	chrX	124365758	3.70167
3773760	chr15	48499041	5.02898
557116	chr13	51944303	1.71841
2179139	chr8	100213079	0.804252
429567	chr12	51706419	-0.202433
14770	chr21	31668461	0.340268
3597899	chrX	108597371	-0.787984
35466	chr1	231270755	0.610142
3235	chr14	77285646	-0.235756
590691	chr7	92225840	-0.0247165
576400	chr2	189062922	0.18115
1329904	chrX	49075284	3.97237
4879916	chr2	26473578	0.456441
3393505	chr2	48465490	1.29102
13752	chr3	46901411	1.54788
100635	chr20	50945767	6.99029
488616	chrX	154419702	1.24319
4946538	chr21	44568008	5.39782
625117	chr15	48510183	-0.278528
48395	chr1	215675619	6.26439
92225	chrX	139541073	1.4849
372516	chr5	148104940	-0.563976
738164	chr19	805006	-0.567496
2990690	chr2	151568192	0.320661
1642677	chr2	215424333	-0.00455118
1576525	chr1	6468591	1.41355
1528404	chr12	12718818	0.298756
3050706	chr6	101818367	1.5428
742891	chr9	131077182	-0.26426
1632014	chr17	44260823	1.28155
1604617	chr1	243341027	1.67938
2749737	chr5	90729638	0.387496
2706298	chr19	39502808	0.286787
3640229	chr11	62392069	0.535591
4974132	chr6	31690606	0.0243307
2829303	chr1	53202310	0.204898
2094543	chr19	43526667	0.532134
725682	chr11	46902937	0.480874
3017480	chr22	17098768	1.81491
1108351	chr7	55171166	1.15606
899045	chr2	96284014	-0.00999213
4784438	chr20	58434589	3.62717
4792100	chr6	7568429	0.123709
1636277	chr19	12810304	0.137882
4773402	chr2	151516567	1.95835
2719790	chr8	99823823	-0.199764
2852393	chr6	33172107	-1.82081
1985209	chr2	238328679	-2.40057
529536	chr16	7630599	2.49882
511318	chr6	152399836	1.0465
2813554	chr2	58229885	4.25663
2745055	chr5	13792223	0.0772205
1635778	chr7	148816786	2.49724
2141935	chrX	153870513	1.00292
2967991	chr19	2129463	0.24485
463066	chr2	232300033	0.0412835
975615	chr2	1889482	-2.87343
1617577	chr1	25553914	-0.106961
2944065	chr11	112087844	0.354827
4935930	chr17	50199463	-0.0473858
1647336	chr18	46547067	-0.0731496
795506	chr1	26447549	-0.560441
1329656	chr9	69246678	-1.03443
4705069	chr5	179136049	0.679394
4683705	chr12	6022902	1.01294
1139220	chr1	156135183	-0.0484724
2844499	chr17	5013646	-0.851496
2842679	chr1	205069479	1.90889
740168	chr2	169273072	1.70642
1966955	chr11	61962248	0.112236
1188180	chr6	85558072	0.526276
1453251	chr10	89222595	-1.4569
3035682	chr22	39665492	1.01174
2062819	chr19	7555237	-0.737047
2900374	chr3	184178852	-0.0932756
4811290	chr8	103401665	2.35058
1551643	chr15	51480150	-0.037315
2942708	chr1	46190789	4.58426
2787388	chr1	236891120	-0.311921
1575926	chr17	11705015	0.456228
1994603	chr10	69930387	-0.0886142
2755012	chr12	2634291	5.58051
3769011	chr1	151408840	-0.116055
328427	chr19	15537352	0.418819
2714417	chr2	169128834	0.270039
917304	chr12	32602148	-1.97163
2114633	chr1	236735627	0.270339
3710655	chr17	47222368	-0.140638
699212	chr9	77381969	-0.436701
4696139	chr15	73329799	1.97129
2838475	chr20	32798454	0.0168189
4965984	chr4	1004001	-0.198417
1579819	chr12	21861061	2.43066
4908922	chr10	93796963	0.326465
1643441	chr16	1589792	-0.445228
3031397	chr17	82088316	-0.530528
36059	chr15	48490086	-0.459528
4735967	chr11	67996797	-1.74007
2859594	chr19	7526434	-2.42976
2865411	chrX	108584472	2.9622
4734180	chr11	68049649	-0.595016
681057	chr12	21882885	0.784661
4895629	chr1	90917001	2.18231
1169138	chr11	65658513	-0.300008
1671950	chr9	77370248	0.602055
1121003	chr3	32997354	-0.651307
2928907	chr4	3489664	-0.571228
4943068	chr19	47679313	0.29037
2964340	chr22	42067295	-0.0819606
2972416	chr20	62821171	-1.38019
785820	chr15	43082722	5.13399
1564783	chr6	123269877	-0.687307
1627682	chr14	24149398	-0.182591
3641431	chr15	61877062	0.382425
309307	chr12	50988449	-2.51175
709134	chrX	123620973	0.381126
2744472	chr16	56514693	-0.697953
3679297	chr11	68042629	-1.01336
510980	chr3	193626085	1.38224
1958029	chr12	48140712	-0.0499134
1579927	chr2	178665805	1.9885
1169534	chr10	102401439	1.16752
1241854	chr19	49861514	-3.56746
4928272	chr1	6440248	-0.221425
1642035	chr2	240787327	-0.990772
1970262	chr1	118885526	3.84458
515514	chr15	92924308	2.39935
2781558	chr20	44619861	0.778024
3717377	chr6	129445656	0.277433
1901487	chr7	44239675	-0.263559
4956015	chr2	96298708	0.19189
4932459	chr17	1658393	-0.341567
1612333	chr19	50399361	-0.653677
2913896	chr15	80160399	0.931717
239279	chr19	50413734	-1.00331
1643006	chr11	47349934	0.00585039
772977	chr11	95799224	0.583606
478175	chr19	38564951	0.555213
739731	chr3	78646197	-0.527622
2197179	chr1	42927812	3.0053
1951610	chr14	75882672	1.12939
3051000	chr3	127003326	-2.49831
1575927	chr12	88083961	0.00888189
1141987	chr6	51638961	3.18826
2959912	chr19	7527509	1.88611
3044275	chr15	29732824	-0.194921
2140593	chr17	63968362	-0.526528
1291122	chr7	47940325	0.557937
3707610	chrX	72568044	-1.53286
738577	chr10	74224533	0.313622
42534	chr11	47342751	-2.45094
2735501	chr8	42320730	0.135205
1965906	chr15	40779617	-0.044685
2104831	chr5	132603293	3.47684
3613129	chr6	3154937	0.940378
2970641	chr21	46401545	-2.40994
3714421	chr3	45520212	-0.39285
2700302	chr12	123624870	-0.361717
2180063	chr16	70475638	-1.97563
2050078	chr16	89738980	0.553913
2049613	chr6	38790280	-0.0642205
747490	chr7	4791111	-0.0603543
3670260	chr19	11420959	-0.380205
1253281	chr20	62311548	-2.40875
2932859	chr12	101761359	1.41692
2965815	chr22	32491079	-0.145614
2023311	chr5	122070173	1.282
1895580	chr19	2110907	-0.938252
4714150	chr3	53104102	-0.225283
1902248	chr11	13714503	1.54835
3061492	chr6	70300179	-1.98294
4732687	chr6	133481452	0.433638
2960764	chr12	53309029	0.355882
324252	chr17	61479873	0.319236
4927334	chr16	1762830	-0.491677
2937286	chr20	18535648	-0.847929
1605024	chr15	31070240	-0.426055
385919	chr7	148229636	-0.619827
1990429	chr4	101040580	-0.041189
2936970	chr20	63692799	-0.405937
1996881	chr14	105384872	-0.738346
724712	chr20	46053569	0.0264488
4735175	chr10	69895536	-0.365795
4695067	chr22	32068484	-0.470976
682180	chr9	128222779	-0.212992
2917686	chr7	97853228	-0.670827
1144656	chr5	83490085	-0.636929
2135325	chr13	100330553	-0.0698031
3022871	chr3	57916899	-0.0551417
923148	chr17	61693526	-0.697488
3701091	chr7	26197475	-0.526598
2984057	chr22	26464835	-2.01257
2058535	chr19	8131835	0.0994961
2189322	chr11	77172744	-0.0496063
704569	chr22	38741581	0.590039
2822574	chr2	88749967	0.342331
1610364	chr1	7920936	-0.886189
1627033	chr1	160296153	-1.72629
1662225	chr16	53652996	0.0763228
2803877	chr10	77084725	1.92012
1389434	chr8	144514531	0.929811
1651008	chr16	77291488	0.475441
1081468	chr19	50406975	-0.78089
1941468	chr1	26760843	-2.87564
3673285	chr7	116757433	-0.475339
3690960	chr2	27222180	0.336315
2923034	chr4	15570391	-0.022622
3048894	chr17	7908688	-0.118008
1518139	chr5	157287016	1.46163
4955819	chr2	86030407	0.574039
1091131	chr11	66511006	0.222079
1285250	chrX	149487105	-0.251465
2921967	chr1	161340584	1.26286
1919649	chr19	18786664	-1.14435
1539756	chr17	8315746	-0.471717
2976286	chr18	22949612	1.11711
1648214	chr6	165396473	-2.45194
1614987	chr4	3235271	-0.149
4696396	chr18	49582355	0.714764
3619938	chr18	49581404	-1.39157
2695749	chr10	14923079	0.78622
2989888	chr16	89799243	0.0419134
1672816	chr11	117392218	-0.620244
2738903	chr17	80108283	-0.0175354
3748938	chr3	52346466	1.37559
1055098	chr2	219559504	0.235
4892176	chr6	44392654	-1.27787
2904617	chr5	128289959	-0.0819921
1599427	chr2	208129697	0.863638
2802955	chr17	75518986	0.846559
2713515	chr12	45416691	1.25702
1590740	chr22	50526743	-1.79231
756775	chr19	38455445	0.682118
1118270	chr2	71682523	0.815346
2158229	chr10	87771051	-2.92352
1151637	chr9	6588707	3.49362
2864350	chr20	32795642	-0.307598
1635638	chr18	49257112	0.401291
1084852	chr18	34838084	1.13094
4953394	chrX	153869947	0.562362
3021275	chr8	144316929	-1.90857
975362	chr1	7467826	0.719905
2719020	chr5	149028723	-0.118811
2161609	chr14	102033255	-0.115126
4754094	chr4	169394527	0.222724
1524973	chr1	229432439	0.458638
991545	chr2	151607618	0.775417
2969823	chr4	139354012	3.58553
2954319	chr1	201361383	-1.86357
1991541	chr17	58360952	1.43138
822946	chr1	241504250	0.300937
4725654	chr1	229442045	0.041252
2109131	chr1	162761198	0.563906
1605943	chr9	108901542	0.36774
2939823	chr7	143321359	2.77857
1630739	chr7	152178017	-2.0998
1078245	chr18	2763633	0.817803
507930	chr12	57489009	-0.582268
3034807	chr16	28873444	2.30701
391367	chr19	11019577	1.75863
3007771	chr10	43102334	-0.193575
45939	chr10	71738491	-0.87726
2841970	chr1	181772053	0.105843
3665340	chr16	30710990	-1.01966
2877916	chr20	34489261	-0.0912913
3620884	chr17	4938262	0.467575
2991362	chr2	26471158	0.131307
2066357	chr1	42747425	-2.02005
735371	chr11	126446890	-1.3434
1153041	chr1	43894375	2.53806
2013127	chr3	189974699	0.298835
363215	chr8	47962049	-0.344693
2798573	chr16	2319844	-4.79073
1644360	chr22	50227084	-0.557748
725076	chr2	151497728	-1.64086
2739071	chr8	142915257	0.199874
4811220	chr2	151644589	-0.0932283
3620349	chr1	160192797	2.89876
2832351	chr20	21232723	0.474213
2784082	chr3	58431807	-1.94848
2823683	chr14	75006563	0.362512
796209	chr17	80109937	0.446559
2862899	chr2	73602180	-1.10605
2814296	chr20	45893215	2.5215
1667118	chr16	1362193	-1.75121
2781943	chr8	22201792	0.84452
1537379	chr1	235419463	1.56065
3706041	chr19	38490068	0.260283
3676839	chr9	2097381	0.334283
3621953	chr11	67999686	0.408315
1572612	chr1	17000547	-7.196
1912948	chr19	11436378	-2.29872
3008554	chr3	48573902	0.847016
3730133	chr11	119287844	0.513929
757281	chr11	2167037	-1.07424
2693737	chr16	2300157	0.920654
1938636	chr5	141528947	-0.090937
2854584	chr19	53798425	-0.46826
1621844	chr10	93658890	0.201
4761639	chr3	38728906	0.0757087
1558037	chr2	96283726	0.280402
3007744	chr1	52381769	0.93689
1148822	chr16	3597702	0.508874
737368	chr1	102879920	-0.227677
1112125	chr5	138917733	0.305858
3605748	chr9	105748061	2.13559
734674	chr2	168970219	1.66256
1159830	chr14	102047812	1.0998
1479272	chr2	227259785	-0.370921
747231	chr2	158634061	1.18107
921061	chr7	150947522	1.3298
2183384	chr20	63689045	-1.30194
1680332	chr5	140677762	2.97602
387756	chr6	30926099	0.16837
2888550	chr7	98984938	0.127701
1332620	chr1	237388074	1.26806
3681938	chr3	146081873	-0.666976
721786	chr17	75729255	0.321504
1572696	chr15	63064059	0.362843
3691619	chr14	96446509	-0.814024
3656855	chr3	189868575	-0.347047
2883166	chr20	45898358	3.50758
2132551	chr11	77162114	0.701819
2764807	chr16	67652190	0.443551
1963342	chr1	186151187	1.12379
3904357	chr11	112087853	0.708843
2855216	chr1	183207873	-1.90288
2976383	chr16	2295751	0.0295433
2914270	chr9	77313979	-0.00720472
2935559	chr5	1271216	-1.31718
4962069	chr3	45965129	0.468882
1630044	chrX	153694333	1.00033
2881399	chr19	35904648	-0.0515276
1110158	chr6	35459669	-0.425417
927490	chr3	38606157	0.700283
2788677	chr2	169192041	0.0897244
2022220	chr11	94437247	0.591819
3631820	chr14	24411066	-0.923567
1118305	chr17	80108688	-1.49413
2659463	chr9	116396504	1.2463
2971941	chr1	247435957	-3.20439
4901990	chr8	143927348	0.786551
3021628	chr13	110169767	-4.12087
2849665	chr5	38482222	1.32555
1129117	chr1	193212381	0.681032
1956808	chr13	25577063	-0.0995433
2009455	chrX	123394957	5.46653
723562	chr4	1216214	0.403882
2916305	chr6	33172641	-0.691614
1084318	chr3	48592254	-0.524779
2739773	chr2	227272936	0.122701
512546	chr2	197489253	0.349748
1974834	chr2	210647859	-0.731984
2834768	chr14	74260581	2.26601
3354004	chr20	58909674	0.544386
2027413	chr12	6330075	0.00183465
2882329	chr3	158645615	-0.947882
1112291	chr10	102593628	1.12972
2130321	chr8	144430551	-0.52378
2065589	chr12	109793612	1.79455
2728037	chr3	25461186	-0.25889
2889336	chr10	110581915	1.60232
2060517	chr14	104770430	-1.92254
2760661	chr12	132643573	0.0557323
2759344	chr9	72742435	-0.867079
1653747	chr9	13107115	-0.0452913
2106612	chr12	124986274	-0.881811
3690783	chr1	11243305	0.212165
4710150	chr10	79305150	0.738512
971759	chr3	50640357	-2.32417
256806	chr17	63497131	-1.20118
1557806	chr19	36094024	0.283661
1115669	chr20	3234008	1.33509
3016132	chr11	103156381	-0.0464016
3682515	chr12	47993513	-0.00892913
1137860	chr3	123737553	1.22665
2929850	chr16	14608328	0.0984488
158624	chr16	57661692	-1.51991
1140477	chr2	144390033	0.16678
2872476	chr7	99011040	-0.398323
3015130	chr2	151695693	-0.501362
3714068	chr16	28486663	1.21674
1223147	chr7	103561958	-0.674669
1109698	chr5	38484875	-0.278976
2725686	chr1	226890021	1.55102
2955207	chr17	44380167	-0.103575
2785947	chr12	54518908	0.296968
2012722	chr22	26472943	-2.93411
4960036	chr2	219477268	-5.89887
705890	chr10	52062528	2.04246
2855802	chr13	51970759	3.475
4691831	chr9	27016895	-0.279921
3676660	chr3	41238012	-0.737386
2629628	chr2	24077769	-0.0189449
1671462	chr2	71590201	0.0982047
1668659	chr2	86045374	1.42736
2023097	chr8	47935908	2.00346
1338876	chr1	228340711	-1.55543
3730348	chr5	45462016	0.406315
766950	chr3	123626947	-1.06691
2146116	chr5	138933791	-0.893488
2710132	chr14	24411351	2.62146
1909072	chr8	47890492	-0.0583228
776209	chr7	20645746	-0.0104882
3355471	chr7	85015226	4.009
1170790	chr1	19239998	1.62443
2916035	chr2	227033493	0.535402
737252	chr10	26120672	0.196969
2771249	chr11	77156856	0.352276
364447	chr9	104837109	-0.731819
762329	chr16	3851013	1.67569
1933479	chr18	70188231	-0.622134
2819564	chr19	33478097	0.463126
2424513	chr11	10778668	-0.306937
1119327	chr3	14141587	1.95057
1560609	chr9	13133914	0.293244
3030374	chr22	41127478	-0.98648
3760268	chrX	154362340	-0.801134
2877215	chr15	74339327	-0.315701
1109215	chr16	71570839	0.295362
2785901	chr1	236806134	-0.445764
3762376	chr4	5810948	0.425882
384661	chr19	50417831	1.11843
4810409	chr19	10364781	-0.584063
1622832	chr2	111997312	0.785323
2800305	chr15	48767197	1.14457
4709276	chr16	27777598	0.403984
469402	chr19	50403045	0.0377402
4749426	chr1	21823494	0.874126
2039930	chr6	152268177	1.04796
3657477	chr19	38921453	1.21427
1618403	chr1	235734672	-1.47022
4807880	chr6	135427313	0.501685
2892895	chr6	52073554	0.637551
2009885	chr10	79307401	-0.253236
3604984	chr1	62578972	-0.96226
1537944	chr2	169514842	1.30287
1540906	chr7	82909021	1.6528
1609640	chr14	54847144	1.21862
1602202	chr1	103015747	0.067685
1636521	chr16	31324637	-0.837315
1332934	chr4	82872090	-0.206724
1624776	chr10	43102332	0.113654
1654720	chr13	76995057	-0.221772
763926	chr10	88941873	1.1986
2015725	chr5	38482225	0.891063
1596493	chr7	35241046	1.39702
1620205	chr9	105722526	-0.551039
2867892	chr1	236873765	1.1226
1644065	chr21	46267155	0.933528
2733984	chr3	193631602	1.18789
953571	chr11	2166778	-0.191307
2882967	chr2	71668741	-0.137394
758684	chrX	65524622	2.10732
769802	chr11	75401637	0.697158
1251093	chr3	51236342	2.05426
2895618	chr3	142465251	1.78124
1606773	chr6	109792570	0.406417
2021538	chr17	75763447	1.01263
4763654	chr8	38252714	-0.159346
529408	chr2	73419118	2.36637
2791209	chr15	72346329	-0.105189
2182960	chr15	34792581	3.90339
1653934	chr5	64786511	0.028811
737957	chr14	74299682	1.04554
2910514	chr10	103094465	0.305583
2845283	chr2	110129266	-0.560039
2816860	chr16	81936157	-0.574386
2727831	chr17	35103558	-0.257055
1595718	chr2	232249228	2.0198
3015618	chr17	44385086	0.0840315
1611540	chrX	77697643	-0.586315
4778086	chr6	109447968	-1.18125
256393	chr19	38528295	0.366291
2075057	chr9	134817020	-0.178189
1971693	chr2	27312777	0.811346
1263295	chr6	158148965	-0.555559
1575016	chr10	71741685	0.107331
2905810	chr15	90809127	0.98
2808565	chrX	41671544	-0.570669
1079314	chr1	75761118	-0.517795
3652040	chr17	80215143	-1.89791
1597183	chr3	149145348	-0.239346
3016465	chr2	172487259	-0.261717
2146043	chr7	151565898	-1.64956
1548158	chr3	119382279	0.313787
1566200	chr8	19948170	0.0512205
2994506	chr16	1362024	1.15676
2715885	chr14	91976196	-1.73456
3021855	chrX	153693893	0.437685
3002568	chr6	70240741	0.148118
3049992	chr5	98903912	-0.318315
1994854	chr2	151640676	-0.312528
715805	chr7	150996397	0.220693
2922097	chr2	240745923	-0.314
4773553	chr21	44889505	-0.378189
2166753	chr1	237614031	0.0823071
914561	chr9	134804961	0.107961
2865040	chr15	72344150	0.542331
3712599	chr22	20994548	0.135748
2643169	chr12	68725724	2.19961
741053	chr7	111944878	3.10618
4741718	chr15	89642413	0.667961
2990446	chr5	71656733	-0.166228
762551	chr16	15741678	-0.112732
2972762	chr1	102946963	-0.665614
530519	chr12	51769859	-0.642866
4708591	chr18	45882493	3.10678
2711200	chr10	102833222	-0.121142
707711	chr3	142541038	-0.907118
1653903	chr16	67657861	0.00777165
730093	chr12	53309725	-0.881992
1589650	chr12	48132859	-0.0984961
4910604	chr11	9160877	0.487803
1968330	chr3	141559885	-0.423409
3674806	chr15	100254189	0.252764
1143416	chr20	64001068	-0.55474
2948008	chr14	104708431	-0.877787
2781847	chr19	8596232	-0.155732
198568	chr7	37862025	-0.0232677
784423	chr22	45541222	-0.130898
2958851	chr2	169307405	0.0853386
