chembl_id	smiles
CHEMBL2	COc1cc2nc(N3CCN(C(=O)c4ccco4)CC3)nc(N)c2cc1OC
CHEMBL3	CN1CCC[C@H]1c1cccnc1
CHEMBL4	CC1COc2c(N3CCN(C)CC3)c(F)cc3c(=O)c(C(=O)O)cn1c23
CHEMBL5	CCn1cc(C(=O)O)c(=O)c2ccc(C)nc21
CHEMBL6	COc1ccc2c(c1)c(CC(=O)O)c(C)n2C(=O)c1ccc(Cl)cc1
CHEMBL403	CC1(C)[C@H](C(=O)O)N2C(=O)C[C@H]2S1(=O)=O
CHEMBL404	C[C@]1(Cn2ccnn2)[C@H](C(=O)O)N2C(=O)C[C@H]2S1(=O)=O
CHEMBL8	O=C(O)c1cn(C2CC2)c2cc(N3CCNCC3)c(F)cc2c1=O
CHEMBL9	CCn1cc(C(=O)O)c(=O)c2cc(F)c(N3CCNCC3)cc21
CHEMBL405	CC(N)Cc1ccccc1
CHEMBL6622	O=[N+]([O-])O[C@H]1CO[C@H]2[C@@H]1OC[C@H]2O[N+](=O)[O-]
CHEMBL6437	CN1CCN2c3ccccc3Cc3ccccc3C2C1
CHEMBL11	CN(C)CCCN1c2ccccc2CCc2ccccc21
CHEMBL406	CC1Cc2ccccc2N1NC(=O)c1ccc(Cl)c(S(N)(=O)=O)c1
CHEMBL407	CCOC(=O)c1ncn2c1CN(C)C(=O)c1cc(F)ccc1-2
CHEMBL408	Cc1c(C)c2c(c(C)c1O)CCC(C)(COc1ccc(CC3SC(=O)NC3=O)cc1)O2
CHEMBL409	CC(O)(CS(=O)(=O)c1ccc(F)cc1)C(=O)Nc1ccc(C#N)c(C(F)(F)F)c1
CHEMBL12	CN1C(=O)CN=C(c2ccccc2)c2cc(Cl)ccc21
CHEMBL13	COCCc1ccc(OCC(O)CNC(C)C)cc1
CHEMBL411	CC/C(=C(/CC)c1ccc(O)cc1)c1ccc(O)cc1
CHEMBL267936	CNC1(C)C2CCC(C2)C1(C)C
CHEMBL14	C[N+](C)(C)CCOC(N)=O.[Cl-]
CHEMBL16	O=C1NC(=O)C(c2ccccc2)(c2ccccc2)N1
CHEMBL413	CO[C@H]1C[C@@H]2CC[C@@H](C)[C@@](O)(O2)C(=O)C(=O)N2CCCC[C@H]2C(=O)O[C@H]([C@H](C)C[C@@H]2CC[C@@H](O)[C@H](OC)C2)CC(=O)[C@H](C)/C=C(\C)[C@@H](O)[C@@H](OC)C(=O)[C@H](C)C[C@H](C)/C=C/C=C/C=C/1C
CHEMBL269732	C=CC[C@@H]1/C=C(\C)C[C@H](C)C[C@H](OC)[C@H]2O[C@@](O)(C(=O)C(=O)N3CCCC[C@H]3C(=O)O[C@H](/C(C)=C/[C@@H]3CC[C@@H](O)[C@H](OC)C3)[C@H](C)[C@@H](O)CC1=O)[C@H](C)C[C@@H]2OC
CHEMBL415	CN(C)CCCN1c2ccccc2CCc2ccc(Cl)cc21
CHEMBL416	COc1c2occc2cc2ccc(=O)oc12
CHEMBL17	NS(=O)(=O)c1cc(Cl)c(Cl)c(S(N)(=O)=O)c1
CHEMBL18	CCOc1ccc2nc(S(N)(=O)=O)sc2c1
CHEMBL417	COc1cccc2c1C(=O)c1c(O)c3c(c(O)c1C2=O)C[C@@](O)(C(=O)CO)C[C@@H]3O[C@H]1C[C@H](N)[C@@H](O)[C@H](C)O1
CHEMBL19	CC(=O)/N=c1/sc(S(N)(=O)=O)nn1C
CHEMBL20	CC(=O)Nc1nnc(S(N)(=O)=O)s1
CHEMBL419	NCc1ccc(S(N)(=O)=O)cc1
CHEMBL21	Nc1ccc(S(N)(=O)=O)cc1
CHEMBL420	N=C(N)N/N=C/c1c(Cl)cccc1Cl
CHEMBL22	COc1cc(Cc2cnc(N)nc2N)cc(OC)c1OC
CHEMBL6966	COc1ccc(CCN(C)CCCC(C#N)(c2ccc(OC)c(OC)c2)C(C)C)cc1OC
CHEMBL421	O=C(O)c1cc(/N=N/c2ccc(S(=O)(=O)Nc3ccccn3)cc2)ccc1O
CHEMBL6466	O=c1ccc2ccccc2o1
CHEMBL23	COc1ccc([C@@H]2Sc3ccccc3N(CCN(C)C)C(=O)[C@@H]2OC(C)=O)cc1
CHEMBL24	CC(C)NCC(O)COc1ccc(CC(N)=O)cc1
CHEMBL25	CC(=O)Oc1ccccc1C(=O)O
CHEMBL422	CN1CCN(CCCN2c3ccccc3Sc3ccc(C(F)(F)F)cc32)CC1
CHEMBL26	CCN1CCCC1CNC(=O)c1cc(S(N)(=O)=O)ccc1OC
CHEMBL423	CC(C)NCC(O)COc1ccc(CCOCC2CC2)cc1
CHEMBL424	O=C(O)c1ccccc1O
CHEMBL425	O=C(O)c1cc(/N=N/c2ccc(O)c(C(=O)O)c2)ccc1O
CHEMBL27	CC(C)NCC(O)COc1cccc2ccccc12
CHEMBL6995	CC(=O)Nc1ccc(OCC(O)CNC(C)C)cc1
CHEMBL427	CN(CCCl)CCCl
CHEMBL29	CC1(C)S[C@@H]2[C@H](NC(=O)Cc3ccccc3)C(=O)N2[C@H]1C(=O)O
CHEMBL428	N[C@@H]1[C@H]2CN(c3nc4c(cc3F)c(=O)c(C(=O)O)cn4-c3ccc(F)cc3F)C[C@@H]12
CHEMBL30	CN/C(=N\CCSCc1nc[nH]c1C)NC#N
CHEMBL31	COc1c(N2CCNC(C)C2)c(F)cc2c(=O)c(C(=O)O)cn(C3CC3)c12
CHEMBL429	CC(CCc1ccccc1)NCC(O)c1ccc(O)c(C(N)=O)c1
CHEMBL32	COc1c(N2C[C@@H]3CCCN[C@@H]3C2)c(F)cc2c(=O)c(C(=O)O)cn(C3CC3)c12
CHEMBL33	C[C@H]1COc2c(N3CCN(C)CC3)c(F)cc3c(=O)c(C(=O)O)cn1c23
CHEMBL430	CO/N=C1\CN(c2nc3c(cc2F)c(=O)c(C(=O)O)cn3C2CC2)CC1CN
CHEMBL431	CCOC(=O)[C@H](CCc1ccccc1)N[C@@H](C)C(=O)N1CC2(C[C@H]1C(=O)O)SCCS2
CHEMBL433	CCCC(CCC)C(=O)[O-].[Na+]
CHEMBL434	CC(C)NCC(O)c1ccc(O)c(O)c1
CHEMBL435	NS(=O)(=O)c1cc2c(cc1Cl)NCNS2(=O)=O
CHEMBL35	NS(=O)(=O)c1cc(C(=O)O)c(NCc2ccco2)cc1Cl
CHEMBL36	CCc1nc(N)nc(N)c1-c1ccc(Cl)cc1
CHEMBL436	COc1ccc2c(C(=S)N(C)CC(=O)O)cccc2c1C(F)(F)F
CHEMBL437	Nc1ccc(S(=O)(=O)Nc2nccs2)cc1
CHEMBL438	Cc1ccnc(NS(=O)(=O)c2ccc(N)cc2)n1
CHEMBL439	Nc1ccc(S(=O)(=O)Nc2ncccn2)cc1
CHEMBL440	C=CCC1(C(C)CCC)C(=O)NC(=S)NC1=O
CHEMBL441	CCCC(C)C1(CC)C(=O)NC(=S)NC1=O
CHEMBL268164	CCC1(C2=CCCCC2)C(=O)NC(=O)NC1=O
CHEMBL442	CN1C[C@H](C(=O)N[C@]2(C)O[C@@]3(O)[C@@H]4CCCN4C(=O)[C@H](Cc4ccccc4)N3C2=O)C=C2c3cccc4[nH]cc(c34)C[C@H]21
CHEMBL38	CC1=C(/C=C/C(C)=C/C=C/C(C)=C/C(=O)O)C(C)(C)CCC1
CHEMBL7413	C=CCC1(C(C)C#CCC)C(=O)NC(=O)N(C)C1=O
CHEMBL40	CCC1(c2ccccc2)C(=O)NC(=O)NC1=O
CHEMBL41	CNCCC(Oc1ccc(C(F)(F)F)cc1)c1ccccc1
CHEMBL443	Cc1cc(NS(=O)(=O)c2ccc(N)cc2)no1
CHEMBL444	CCC1(CC)C(=O)NC(=O)NC1=O
CHEMBL42	CN1CCN(C2=Nc3cc(Cl)ccc3Nc3ccccc32)CC1
CHEMBL445	CNCCC=C1c2ccccc2CCc2ccccc21
CHEMBL446	Cc1cc(C)nc(NS(=O)(=O)c2ccc(N)cc2)n1
CHEMBL447	C=CCC1(C(C)CCC)C(=O)NC(=O)NC1=O
CHEMBL448	CCCC(C)C1(CC)C(=O)NC(=O)NC1=O
CHEMBL7568	CCN(CC)CCCC(C)Nc1c2ccc(Cl)cc2nc2ccc(OC)cc12
CHEMBL267894	CCC1(CCC(C)C)C(=O)NC(=O)NC1=O
CHEMBL7728	CN1C(=O)NC(=O)C(C)(C2=CCCCC2)C1=O
CHEMBL449	CCC(C)C1(CC)C(=O)NC(=O)NC1=O
CHEMBL7863	C=CCC1(C(C)C)C(=O)NC(=O)NC1=O
CHEMBL450	CCC1(CC)C(=O)NC(=O)N(C)C1=O
CHEMBL451	CNC1=Nc2ccc(Cl)cc2C(c2ccccc2)=[N+]([O-])C1
CHEMBL266349	N=C(N)c1ccc(CNC(=O)[C@@H]2CCN2C(=O)[C@H](NCC(=O)O)C2CCCCC2)cc1
CHEMBL452	O=C1CN=C(c2ccccc2Cl)c2cc([N+](=O)[O-])ccc2N1
CHEMBL453	Cc1noc(NS(=O)(=O)c2ccc(N)cc2)c1C
CHEMBL268869	COc1ccc(NS(=O)(=O)c2ccc(N)cc2)nn1
CHEMBL454	C=CCC1(CC(C)C)C(=O)NC(=O)NC1=O
CHEMBL455	CC(=O)NS(=O)(=O)c1ccc(N)cc1
CHEMBL43	COc1cc(NS(C)(=O)=O)ccc1Nc1c2ccccc2nc2ccccc12
CHEMBL456	C=C(CC)C(=O)c1ccc(OCC(=O)O)c(Cl)c1Cl
CHEMBL267744	O=C(O)COc1ccc(C(=O)c2cccs2)c(Cl)c1Cl
CHEMBL457	Cc1ccc(C)c(OCCCC(C)(C)C(=O)O)c1
CHEMBL45	COc1ccc2[nH]cc(CCNC(C)=O)c2c1
CHEMBL46	Cc1nccn1CC1CCc2c(c3ccccc3n2C)C1=O
CHEMBL49	O=C1CC2(CCCC2)CC(=O)N1CCCCN1CCN(c2ncccn2)CC1
CHEMBL51	O=C(c1ccc(F)cc1)C1CCN(CCn2c(=O)[nH]c3ccccc3c2=O)CC1
CHEMBL459	C[C@](N)(Cc1ccc(O)c(O)c1)C(=O)O
CHEMBL460	CCc1c(C)[nH]c2c1C(=O)C(CN1CCOCC1)CC2
CHEMBL53	CN1CCc2cccc3c2[C@H]1Cc1ccc(O)c(O)c1-3
CHEMBL54	O=C(CCCN1CCC(O)(c2ccc(Cl)cc2)CC1)c1ccc(F)cc1
CHEMBL55	N=C(N)c1ccc(OCCCCCOc2ccc(C(=N)N)cc2)cc1
CHEMBL463	Nc1ccc(C(=O)NCC(=O)O)cc1
CHEMBL464	CCOC(=O)/C=C(C)/C=C/C=C(C)/C=C/c1c(C)cc(OC)c(C)c1C
CHEMBL57	Cc1ccnc2c1NC(=O)c1cccnc1N2C1CC1
CHEMBL465	CCCCCc1cc(O)c2c(c1)OC(C)(C)[C@@H]1CCC(C)=C[C@@H]21
CHEMBL58	O=C1c2c(O)ccc(O)c2C(=O)c2c(NCCNCCO)ccc(NCCNCCO)c21
CHEMBL59	NCCc1ccc(O)c(O)c1
CHEMBL467	NC(=O)NO
CHEMBL61	COc1cc([C@@H]2c3cc4c(cc3[C@H](O)[C@H]3COC(=O)[C@H]23)OCO4)cc(OC)c1OC
CHEMBL64	NNC(=O)c1ccncc1
CHEMBL468	O=C1CCC(N2C(=O)c3ccccc3C2=O)C(=O)N1
CHEMBL469	O=C(c1ccccc1)c1ccc2n1CCC2C(=O)O
CHEMBL471	CC(C)NCC(O)c1ccc(NS(C)(=O)=O)cc1
CHEMBL472	COc1ccc(Cl)cc1C(=O)NCCc1ccc(S(=O)(=O)NC(=O)NC2CCCCC2)cc1
CHEMBL9225	CC[C@H](c1ccc(O)cc1)[C@@H](CC)c1ccc(O)cc1
CHEMBL473	CN(CCOc1ccc(NS(C)(=O)=O)cc1)CCc1ccc(NS(C)(=O)=O)cc1
CHEMBL476	CN(C)/N=N/c1[nH]cnc1C(N)=O
CHEMBL477	Nc1ncnc2c1ncn2[C@@H]1O[C@H](CO)[C@@H](O)[C@H]1O
CHEMBL479	CSc1ccc2c(c1)N(CCC1CCCCN1C)c1ccccc1S2
CHEMBL480	Cc1c(OCC(F)(F)F)ccnc1C[S+]([O-])c1nc2ccccc2[nH]1
CHEMBL481	CCc1c2c(nc3ccc(OC(=O)N4CCC(N5CCCCC5)CC4)cc13)-c1cc3c(c(=O)n1C2)COC(=O)[C@]3(O)CC
CHEMBL70	CN1CC[C@]23c4c5ccc(O)c4O[C@H]2[C@@H](O)C=C[C@H]3[C@H]1C5
CHEMBL485	COc1ccc2c3c1O[C@H]1[C@@H](O)C=C[C@H]4[C@@H](C2)N(C)CC[C@@]341
CHEMBL71	CN(C)CCCN1c2ccccc2Sc2ccc(Cl)cc21
CHEMBL72	CNCCCN1c2ccccc2CCc2ccccc21
CHEMBL488	CCC1(c2ccc(N)cc2)CCC(=O)NC1=O
CHEMBL74	O=C([O-])c1cc(=O)c2c(OCC(O)COc3cccc4oc(C(=O)[O-])cc(=O)c34)cccc2o1.[Na+].[Na+]
CHEMBL76	CCN(CC)CCCC(C)Nc1ccnc2cc(Cl)ccc12
CHEMBL490	Fc1ccc([C@@H]2CCNC[C@H]2COc2ccc3c(c2)OCO3)cc1
CHEMBL416146	Cc1ccc(-c2ncc(Cl)cc2-c2ccc(S(C)(=O)=O)cc2)cn1
CHEMBL79	CCN(CC)CC(=O)Nc1c(C)cccc1C
CHEMBL9967	CN1CCN(CC(=O)N2c3ccccc3C(=O)Nc3cccnc32)CC1
CHEMBL492	CCCN(CC)C(CC)C(=O)Nc1c(C)cccc1C
CHEMBL80	C=CCN1CC[C@]23c4c5ccc(O)c4O[C@H]2C(=O)CC[C@@]3(O)[C@H]1C5
CHEMBL81	O=C(c1ccc(OCCN2CCCCC2)cc1)c1c(-c2ccc(O)cc2)sc2cc(O)ccc12
CHEMBL83	CC/C(=C(\c1ccccc1)c1ccc(OCCN(C)C)cc1)c1ccccc1
CHEMBL493	CC(C)C[C@H]1C(=O)N2CCC[C@H]2[C@]2(O)O[C@](NC(=O)[C@@H]3C=C4c5cccc6[nH]c(Br)c(c56)C[C@H]4N(C)C3)(C(C)C)C(=O)N12
CHEMBL494	CC#CCC(C)[C@H](O)/C=C/[C@@H]1[C@H]2C/C(=C/CCCC(=O)O)C[C@H]2C[C@H]1O
CHEMBL84	CC[C@@]1(O)C(=O)OCc2c1cc1n(c2=O)Cc2cc3c(CN(C)C)c(O)ccc3nc2-1
CHEMBL85	Cc1nc2n(c(=O)c1CCN1CCC(c3noc4cc(F)ccc34)CC1)CCCC2
CHEMBL428880	O=C(O)c1cc(=O)c2c(OCC(O)COc3cccc4oc(C(=O)O)cc(=O)c34)cccc2o1
CHEMBL86	CCN(CC)CCNC(=O)c1cc(Cl)c(N)cc1OC
CHEMBL428647	CC(=O)O[C@H]1C(=O)[C@@]2(C)[C@H]([C@H](OC(=O)c3ccccc3)[C@]3(O)C[C@H](OC(=O)[C@H](O)[C@@H](NC(=O)c4ccccc4)c4ccccc4)C(C)=C1C3(C)C)[C@]1(OC(C)=O)CO[C@@H]1C[C@@H]2O
CHEMBL495	CCCCC[C@H](O)/C=C/[C@H]1[C@H](O)CC(=O)[C@@H]1CCCCCCC(=O)O
CHEMBL496	Oc1c(Cl)cc(Cl)c(Cl)c1Cc1c(O)c(Cl)cc(Cl)c1Cl
CHEMBL497	Oc1c(I)cc(Cl)c2cccnc12
CHEMBL10878	COc1ccc2cccc(CCNC(C)=O)c2c1
CHEMBL88	O=P1(N(CCCl)CCCl)NCCCO1
CHEMBL498	CCCNC(=O)NS(=O)(=O)c1ccc(Cl)cc1
CHEMBL499	CC(C)(C)NC[C@H](O)COc1nsnc1N1CCOCC1
CHEMBL500	CC(C)NCC(O)COc1cccc2[nH]ccc12
CHEMBL276832	NNc1nncc2ccccc12
CHEMBL501	CC(N)Cc1ccccc1.O=S(=O)(O)O
CHEMBL267345	C[C@@H]1[C@H](O)[C@@H](C)/C=C/C=C/C=C/C=C/C=C/C=C/C=C/[C@H](O[C@@H]2O[C@H](C)[C@@H](O)[C@H](N)[C@@H]2O)C[C@@H]2O[C@](O)(C[C@@H](O)C[C@@H](O)[C@H](O)CC[C@@H](O)C[C@@H](O)CC(=O)O[C@H]1C)C[C@H](O)[C@H]2C(=O)O
CHEMBL90	NCCc1c[nH]cn1
CHEMBL91	Clc1ccc(COC(Cn2ccnc2)c2ccc(Cl)cc2Cl)c(Cl)c1
CHEMBL92	CC(=O)O[C@@]12CO[C@@H]1C[C@H](O)[C@@]1(C)C(=O)[C@H](O)C3=C(C)[C@@H](OC(=O)[C@H](O)[C@@H](NC(=O)OC(C)(C)C)c4ccccc4)C[C@@](O)([C@@H](OC(=O)c4ccccc4)[C@H]21)C3(C)C
CHEMBL93	CC(c1cc2ccccc2s1)N(O)C(N)=O
CHEMBL94	CNC(=O)Oc1ccc2c(c1)[C@]1(C)CCN(C)[C@@H]1N2C
CHEMBL95	Nc1c2c(nc3ccccc13)CCCC2
CHEMBL502	COc1cc2c(cc1OC)C(=O)C(CC1CCN(Cc3ccccc3)CC1)C2
CHEMBL503	CC[C@H](C)C(=O)O[C@H]1C[C@@H](C)C=C2C=C[C@H](C)[C@H](CC[C@@H]3C[C@@H](O)CC(=O)O3)[C@H]21
CHEMBL11662	O=C(O)/C=C/c1ccc(Cn2ccnc2)cc1
CHEMBL12610	CN(C)CCCOc1nn(Cc2ccccc2)c2ccccc12
CHEMBL269644	CC(=O)Nc1ccccc1
CHEMBL504	C[S+](C)[O-]
CHEMBL505	CN(C)CCC(c1ccc(Cl)cc1)c1ccccn1
CHEMBL506	COc1cc(NC(C)CCCN)c2ncccc2c1
CHEMBL509	Cc1ccc(Cl)c(Nc2ccccc2C(=O)O)c1Cl
CHEMBL511	COc1ccc(CN(CCN(C)C)c2ccccn2)cc1
CHEMBL12713	O=C1NCCN1CCN1CCC(c2cn(-c3ccc(F)cc3)c3ccc(Cl)cc23)CC1
CHEMBL513	O=NN(CCCl)C(=O)NCCCl
CHEMBL514	O=NN(CCCl)C(=O)NC1CCCCC1
CHEMBL515	O=C(O)CCCc1ccc(N(CCCl)CCCl)cc1
CHEMBL516	CN1CCC(=C2c3ccccc3C=Cc3ccccc32)CC1
CHEMBL12856	Nc1cc(-c2ccncc2)c[nH]c1=O
CHEMBL517	CC(C)N(CCC(C(N)=O)(c1ccccc1)c1ccccn1)C(C)C
CHEMBL98	O=C(CCCCCCC(=O)Nc1ccccc1)NO
CHEMBL521	CC(C)Cc1ccc(C(C)C(=O)O)cc1
CHEMBL13376	COc1ccc2c(C(=O)c3ccc(Cl)cc3)c(C)n(CC(=O)O)c2c1
CHEMBL13280	CN1C(=O)CN=C(c2ccccc2F)c2cc([N+](=O)[O-])ccc21
CHEMBL13209	O=C1CN=C(c2ccccc2)c2cc([N+](=O)[O-])ccc2N1
CHEMBL524	COc1ccc(OC)c(C(O)C(C)N)c1
CHEMBL526	CC(C)c1cccc(C(C)C)c1O
CHEMBL527	CN1C(C(=O)Nc2ccccn2)=C(O)c2ccccc2S1(=O)=O
CHEMBL528	CO/N=C(\C(=O)N[C@@H]1C(=O)N2C(C(=O)O)=CCS[C@H]12)c1csc(N)n1
CHEMBL101	CCCCC1C(=O)N(c2ccccc2)N(c2ccccc2)C1=O
CHEMBL529	CC[C@H]1OC(=O)[C@H](C)[C@@H](O[C@H]2C[C@@](C)(OC)[C@@H](O)[C@H](C)O2)[C@H](C)[C@@H](O[C@@H]2O[C@H](C)C[C@H](N(C)C)[C@H]2O)[C@](C)(O)C[C@@H](C)CN(C)[C@H](C)[C@@H](O)[C@]1(C)O
CHEMBL530	CC1(C)S[C@@H]2[C@H](/N=C/N3CCCCCC3)C(=O)N2[C@H]1C(=O)O
CHEMBL531	CCCN1C[C@H](CSC)C[C@@H]2c3cccc4[nH]cc(c34)C[C@H]21
CHEMBL532	CC[C@H]1OC(=O)[C@H](C)[C@@H](O[C@H]2C[C@@](C)(OC)[C@@H](O)[C@H](C)O2)[C@H](C)[C@@H](O[C@@H]2O[C@H](C)C[C@H](N(C)C)[C@H]2O)[C@](C)(O)C[C@@H](C)C(=O)[C@H](C)[C@@H](O)[C@]1(C)O
CHEMBL533	CCCCCCCN(CC)CCCC(O)c1ccc(NS(C)(=O)=O)cc1
CHEMBL103	CC(=O)[C@H]1CC[C@H]2[C@@H]3CCC4=CC(=O)CC[C@]4(C)[C@H]3CC[C@]12C
CHEMBL534	CN1CCC(=C2c3ccccc3CC(=O)c3sccc32)CC1
CHEMBL535	CCN(CC)CCNC(=O)c1c(C)[nH]c(/C=C2\C(=O)Nc3ccc(F)cc32)c1C
CHEMBL537	Oc1ccc(O)cc1
CHEMBL539	CC(=O)O
CHEMBL14060	Oc1ccccc1
CHEMBL544	COc1ccc(O)cc1
CHEMBL104	Clc1ccccc1C(c1ccccc1)(c1ccccc1)n1ccnc1
CHEMBL105	CO[C@@]12[C@H](COC(N)=O)C3=C(C(=O)C(C)=C(N)C3=O)N1C[C@@H]1N[C@@H]12
CHEMBL545	CCO
CHEMBL546	C=CCOc1ccccc1OCC(O)CNC(C)C
CHEMBL106	OC(Cn1cncn1)(Cn1cncn1)c1ccc(F)cc1F
CHEMBL547	CC1=C(/C=C/C(C)=C/C=C/C(C)=C\C(=O)O)C(C)(C)CCC1
CHEMBL14376	COc1cc(C(C)=O)ccc1OCCCN1CCC(c2noc3cc(F)ccc23)CC1
CHEMBL548	CCCCC[C@H](O)/C=C/[C@H]1[C@H](O)CC(=O)[C@@H]1C/C=C\CCCC(=O)O
CHEMBL278020	CN(C)C(=O)Oc1cccc([N+](C)(C)C)c1
CHEMBL14370	CCOc1ccccc1OC(c1ccccc1)C1CNCCO1
CHEMBL549	CN(C)CCCC1(c2ccc(F)cc2)OCc2cc(C#N)ccc21
CHEMBL550	CC[C@@H]1C(=O)OC[C@@H]1Cc1cncn1C
CHEMBL107	COc1cc2c(c(OC)c1OC)-c1ccc(OC)c(=O)cc1[C@@H](NC(C)=O)CC2
CHEMBL553	C#Cc1cccc(Nc2ncnc3cc(OCCOC)c(OCCOC)cc23)c1
CHEMBL554	CS(=O)(=O)CCNCc1ccc(-c2ccc3ncnc(Nc4ccc(OCc5cccc(F)c5)c(Cl)c4)c3c2)o1
CHEMBL15023	O=C(CCCN1CCC(O)(c2cccc(C(F)(F)F)c2)CC1)c1ccc(F)cc1
CHEMBL108	NC(=O)N1c2ccccc2C=Cc2ccccc21
CHEMBL109	CCCC(CCC)C(=O)O
CHEMBL277100	CC1CN(c2cc3c(cc2F)c(=O)c(C(=O)O)cn3-c2ccc(F)cc2F)CCN1
CHEMBL110	O=C(Cn1ccnc1[N+](=O)[O-])NCc1ccccc1
CHEMBL556	CC(=O)N(O)CCCCCNC(=O)CCC(=O)N(O)CCCCCNC(=O)CCC(=O)N(O)CCCCCN
CHEMBL558	Cc1cccc(C)c1OCC(C)N
CHEMBL559	N[C@H](Cc1cc(I)c(Oc2cc(I)c(O)c(I)c2)c(I)c1)C(=O)O
CHEMBL111	Cc1c(C(=O)NN2CCCCC2)nn(-c2ccc(Cl)cc2Cl)c1-c1ccc(Cl)cc1
CHEMBL273575	CN1Cc2c(N)cccc2C(c2ccccc2)C1
CHEMBL561	CCn1cc(C(=O)O)c(=O)c2cc(F)c(N3CCNC(C)C3)c(F)c21
CHEMBL562	COC1=CC(=O)C[C@@H](C)[C@]12Oc1c(Cl)c(OC)cc(OC)c1C2=O
CHEMBL563	CC(C(=O)O)c1ccc(-c2ccccc2)c(F)c1
CHEMBL564	CN(C)CCCN1c2ccccc2Sc2ccccc21
CHEMBL565	CCOC(=O)C(C)(C)Oc1ccc(Cl)cc1
CHEMBL112	CC(=O)Nc1ccc(O)cc1
CHEMBL113	Cn1c(=O)c2c(ncn2C)n(C)c1=O
CHEMBL16073	CCOc1ccc(NC(C)=O)cc1
CHEMBL567	OCCN1CCN(CCCN2c3ccccc3Sc3ccc(Cl)cc32)CC1
CHEMBL568	O=C1Nc2ccc(Cl)cc2C(c2ccccc2)=NC1O
CHEMBL15770	CC1=C(CC(=O)O)c2cc(F)ccc2/C1=C\c1ccc([S+](C)[O-])cc1
CHEMBL15677	O=C(O)Cc1ccccc1Oc1ccc(Cl)cc1Cl
CHEMBL276520	c1ccc2c(CCC3CCNCC3)c[nH]c2c1
CHEMBL569	CCN(CC)CCOC(=O)c1ccc(N)cc1
CHEMBL570	CN(C)CCCN1c2ccccc2Sc2ccc(C(F)(F)F)cc21
CHEMBL571	CC(C(=O)O)c1cccc(C(=O)c2ccccc2)c1
CHEMBL572	O=C1CN(/N=C/c2ccc([N+](=O)[O-])o2)C(=O)N1
CHEMBL15870	CC(C(=O)O)c1ccc(N2Cc3ccccc3C2=O)cc1
CHEMBL15891	Cl[C@H]1[C@H](Cl)[C@@H](Cl)[C@@H](Cl)[C@H](Cl)[C@H]1Cl
CHEMBL573	O=C(O)c1cccnc1
CHEMBL575	COc1cccc(OC)c1C(=O)N[C@@H]1C(=O)N2[C@@H]1SC(C)(C)[C@@H]2C(=O)O
CHEMBL16080	CC(Cl)(Cl)Cl
CHEMBL577	C[C@H](N[C@@H](CCc1ccccc1)C(=O)O)C(=O)N1CCC[C@H]1C(=O)O
CHEMBL578	CCOC(=O)[C@H](CCc1ccccc1)N[C@@H](C)C(=O)N1CCC[C@H]1C(=O)O
CHEMBL580	O=C1Nc2ccc(Cl)cc2C(c2ccccc2Cl)=NC1O
CHEMBL277062	O=C1CN=C(c2ccccn2)c2cc(Br)ccc2N1
CHEMBL277535	c1ccc(-c2ccc(C(c3ccccc3)n3ccnc3)cc2)cc1
CHEMBL582	CC(C)O
CHEMBL583	Cc1c(F)c(N2CCNC(C)C2)cc2c1c(=O)c(C(=O)O)cn2C1CC1
CHEMBL114	CC(C)(C)NC(=O)[C@@H]1C[C@@H]2CCCC[C@@H]2CN1C[C@@H](O)[C@H](Cc1ccccc1)NC(=O)[C@H](CC(N)=O)NC(=O)c1ccc2ccccc2n1
CHEMBL115	CC(C)(C)NC(=O)[C@@H]1CN(Cc2cccnc2)CCN1C[C@@H](O)C[C@@H](Cc1ccccc1)C(=O)N[C@H]1c2ccccc2C[C@H]1O
CHEMBL584	Cc1c(O)cccc1C(=O)N[C@@H](CSc1ccccc1)[C@H](O)CN1C[C@H]2CCCC[C@H]2C[C@H]1C(=O)NC(C)(C)C
CHEMBL116	CC(C)CN(C[C@@H](O)[C@H](Cc1ccccc1)NC(=O)O[C@H]1CCOC1)S(=O)(=O)c1ccc(N)cc1
CHEMBL585	Nc1nc(N)c2nc(-c3ccccc3)c(N)nc2n1
CHEMBL16476	CC(C)NCC(O)c1ccc2ccccc2c1
CHEMBL118	Cc1ccc(-c2cc(C(F)(F)F)nn2-c2ccc(S(N)(=O)=O)cc2)cc1
CHEMBL119	COc1cc(NCc2ccc3nc(N)nc(N)c3c2C)cc(OC)c1OC
CHEMBL588	Oc1ccc(C2CNCCc3c2cc(O)c(O)c3Cl)cc1
CHEMBL589	CCCN(CCC)CCc1cccc2c1CC(=O)N2
CHEMBL590	CC1=CC(=O)c2ccccc2C1=O
CHEMBL591	C#CC(O)(/C=C/Cl)CC
CHEMBL17157	CC(C)(C)c1ccc(C(O)CCCN2CCC(C(O)(c3ccccc3)c3ccccc3)CC2)cc1
CHEMBL592	CN1CC[C@]23CCCC[C@H]2[C@H]1Cc1ccc(O)cc13
CHEMBL593	CC(C)Nc1cccnc1N1CCN(C(=O)c2cc3cc(NS(C)(=O)=O)ccc3[nH]2)CC1
CHEMBL594	CCOCCn1c(N2CCCN(C)CC2)nc2ccccc21
CHEMBL595	CCc1ccc(CCOc2ccc(CC3SC(=O)NC3=O)cc2)nc1
CHEMBL596	CCC(=O)N(c1ccccc1)C1CCN(CCc2ccccc2)CC1
CHEMBL121	CN(CCOc1ccc(CC2SC(=O)NC2=O)cc1)c1ccccn1
CHEMBL17879	CCCCC1(CCCC)CS(=O)(=O)c2ccc(N(C)C)cc2[C@@H](c2ccc(OCc3ccc(C[N+]45CCN(CC4)CC5)cc3)cc2)[C@H]1O.[Cl-]
CHEMBL17860	CC(Oc1c(Cl)cccc1Cl)C1=NCCN1
CHEMBL597	Cc1ccc(N(CC2=NCCN2)c2cccc(O)c2)cc1
CHEMBL18442	c1cc(CN2CCCNCCNCCCNCC2)ccc1CN1CCCNCCNCCCNCC1
CHEMBL18116	Cc1cccc(N2CC(CO)OC2=O)c1
CHEMBL599	Cc1cnc(NC(=O)C2=C(O)c3ccccc3S(=O)(=O)N2C)s1
CHEMBL600	CC(=O)N[C@@H](CS)C(=O)O
CHEMBL601	NCC(=O)CCC(=O)O
CHEMBL602	NCCS
CHEMBL19019	O=C1CC[C@@]2(O)[C@H]3Cc4ccc(O)c5c4[C@@]2(CCN3CC2CC2)[C@H]1O5
CHEMBL603	COc1cc(C(=O)NS(=O)(=O)c2ccccc2C)ccc1Cc1cn(C)c2ccc(NC(=O)OC3CCCC3)cc12
CHEMBL276568	C/C=C/C1=C(C(=O)O)N2C(=O)[C@@H](NC(=O)[C@H](N)c3ccc(O)cc3)[C@H]2SC1
CHEMBL122	CS(=O)(=O)c1ccc(C2=C(c3ccccc3)C(=O)OC2)cc1
CHEMBL19236	COc1nc(C)nc(Cl)c1NC1=NCCN1
CHEMBL605	CCN(CC)CCNC(=O)c1ccc(N)cc1.Cl
CHEMBL606	CCCCC(C)(O)C/C=C/[C@H]1[C@H](O)CC(=O)[C@@H]1CCCCCCC(=O)OC
CHEMBL278623	CC(C)(N)C(=O)N[C@H](Cc1c[nH]c2ccccc12)C(=O)N[C@H](Cc1c[nH]c2ccccc12)NC=O
CHEMBL607	CCOC(=O)C1(c2ccccc2)CCN(C)CC1
CHEMBL282052	Cc1ccccc1-n1c(C)nc2ccccc2c1=O
CHEMBL608	CC(C)(Sc1cc(C(C)(C)C)c(O)c(C(C)(C)C)c1)Sc1cc(C(C)(C)C)c(O)c(C(C)(C)C)c1
CHEMBL19299	CC(C(=O)O)c1ccc(CC2CCCC2=O)cc1
CHEMBL609	NCCNCCNCCN
CHEMBL19490	Cc1cc(CC(=O)O)n(C)c1C(=O)c1ccc(Cl)cc1
CHEMBL611	COc1cc2nc(N3CCN(C(=O)C4CCCO4)CC3)nc(N)c2cc1OC
CHEMBL19393	C[C@@H](N)Cc1ccccc1
CHEMBL612	C[C@H](N)Cc1ccccc1
CHEMBL282724	Cc1cc2c(cc1CC(=O)c1sccc1S(=O)(=O)Nc1onc(C)c1Cl)OCO2
CHEMBL614	NC(=O)c1cnccn1
CHEMBL19449	CC(C)C(=O)c1c(C(C)C)nn2ccccc12
CHEMBL282042	CC(C)(C)NC(=O)[C@@H]1C[C@@H]2CCCC[C@@H]2CN1C[C@@H](O)[C@H](Cc1ccccc1)NC(=O)[C@H](CC(N)=O)NC(=O)c1ccc2ccccc2n1.CS(=O)(=O)O
CHEMBL20883	O=c1[nH]c(=O)n(C2CCCO2)cc1F
CHEMBL615	CC1(C)S[C@@H]2[C@H](NC(=O)COc3ccccc3)C(=O)N2[C@H]1C(=O)O
CHEMBL617	CC(=O)OCC1=C(C(=O)O)N2C(=O)[C@@H](NC(=O)Cc3cccs3)[C@H]2SC1
CHEMBL125	CCCCCCCCCCCCCCCCOP(=O)([O-])OCC[N+](C)(C)C
CHEMBL126	CC(=O)NC[C@H]1CN(c2ccc(N3CCOCC3)c(F)c2)C(=O)O1
CHEMBL620	C[N+]12CCC(CC1)C(OC(=O)C(O)(c1ccccc1)c1ccccc1)C2
CHEMBL127	C[C@@H](O)[C@H]1C(=O)N2C(C(=O)O)=C(S[C@@H]3CN[C@H](C(=O)N(C)C)C3)[C@H](C)[C@H]12
CHEMBL621	O=c1n(CCCN2CCN(c3cccc(Cl)c3)CC2)nc2ccccn12
CHEMBL622	CCc1cccc2c3c([nH]c12)C(CC)(CC(=O)O)OCC3
CHEMBL21333	O=C(Nc1cccc2c(=O)cc(-c3nnn[nH]3)oc12)c1ccc(OCCCCc2ccccc2)cc1
CHEMBL623	CCc1nn(CCCN2CCN(c3cccc(Cl)c3)CC2)c(=O)n1CCOc1ccccc1
CHEMBL625	c1ccc2[nH]c(-c3cscn3)nc2c1
CHEMBL21536	CCCCCCOc1nsnc1C1=CCCN(C)C1
CHEMBL626	CN(C/C=C/c1ccccc1)Cc1cccc2ccccc12
CHEMBL22097	CN1C(=O)C(O)N=C(c2ccccc2Cl)c2cc(Cl)ccc21
CHEMBL628	CC(=O)CCCCn1c(=O)c2c(ncn2C)n(C)c1=O
CHEMBL629	CN(C)CCC=C1c2ccccc2CCc2ccccc21
CHEMBL21869	O=C(Nc1ccc(Br)cc1)c1cc(Br)ccc1O
CHEMBL24944	O=C(Nc1ccc(Br)cc1)c1cc(Br)cc(Br)c1O
CHEMBL128	CNS(=O)(=O)Cc1ccc2[nH]cc(CCN(C)C)c2c1
CHEMBL631	CCCNCC(O)COc1ccccc1C(=O)CCc1ccccc1
CHEMBL632	C[C@H]1C[C@H]2[C@@H]3CCC4=CC(=O)C=C[C@]4(C)[C@@]3(F)[C@@H](O)C[C@]2(C)[C@@]1(O)C(=O)CO
CHEMBL633	CCCCc1oc2ccccc2c1C(=O)c1cc(I)c(OCCN(CC)CC)c(I)c1
CHEMBL634	CCC(=O)N(c1ccccc1)C1(COC)CCN(CCn2nnn(CC)c2=O)CC1
CHEMBL635	C[C@]12C=CC(=O)C=C1CC[C@@H]1[C@@H]2C(=O)C[C@@]2(C)[C@H]1CC[C@]2(O)C(=O)CO
CHEMBL636	CCN(C)C(=O)Oc1cccc([C@H](C)N(C)C)c1
CHEMBL637	COc1ccc(C(CN(C)C)C2(O)CCCCC2)cc1
CHEMBL129	Cc1cn([C@H]2C[C@H](N=[N+]=[N-])[C@@H](CO)O2)c(=O)[nH]c1=O
CHEMBL638	C[C@@H](c1ncncc1F)[C@](O)(Cn1cncn1)c1ccc(F)cc1F
CHEMBL639	CN1CCCC(n2nc(Cc3ccc(Cl)cc3)c3ccccc3c2=O)CC1
CHEMBL130	O=C(N[C@H](CO)[C@H](O)c1ccc([N+](=O)[O-])cc1)C(Cl)Cl
CHEMBL640	CCN(CC)CCNC(=O)c1ccc(N)cc1
CHEMBL641	CNCC[C@@H](Oc1ccccc1C)c1ccccc1
CHEMBL642	CCCC(=O)Nc1ccc(OCC(O)CNC(C)C)c(C(C)=O)c1
CHEMBL643	CC(CN1c2ccccc2Sc2ccccc21)N(C)C
CHEMBL131	C[C@]12C=CC(=O)C=C1CC[C@@H]1[C@@H]2[C@@H](O)C[C@@]2(C)[C@H]1CC[C@]2(O)C(=O)CO
CHEMBL644	CC(CN(C)C)CN1c2ccccc2CCc2ccccc21
CHEMBL645	CC(C)NCC(O)COc1ccc(COCCOC(C)C)cc1
CHEMBL646	Cc1nnc2n1-c1ccc(Cl)cc1C(c1ccccc1Cl)=NC2
CHEMBL647	Nc1cc(Cl)c(N=C2NCCN2)c(Cl)c1
CHEMBL648	CN1CCN(C(c2ccccc2)c2ccccc2)CC1
CHEMBL434394	OC(CNCC(O)C1CCc2cc(F)ccc2O1)C1CCc2cc(F)ccc2O1
CHEMBL650	C[C@H]1C[C@@H]2[C@H]([C@@H](O)C[C@@]3(C)[C@H]2CC[C@]3(O)C(=O)CO)[C@@]2(C)C=CC(=O)C=C12
CHEMBL651	CCC(=O)C(CC(C)N(C)C)(c1ccccc1)c1ccccc1
CHEMBL652	O=C(NCC1CCCCN1)c1cc(OCC(F)(F)F)ccc1OCC(F)(F)F
CHEMBL134	Clc1cccc(Cl)c1NC1=NCCN1
CHEMBL654	CN1CCN2c3ncccc3Cc3ccccc3C2C1
CHEMBL655	Cc1ncc2n1-c1ccc(Cl)cc1C(c1ccccc1F)=NC2
CHEMBL22242	CCN1CCC[C@H]1CNC(=O)c1c(OC)ccc(Br)c1OC
CHEMBL656	COc1ccc2c3c1O[C@H]1C(=O)CC[C@@]4(O)[C@@H](C2)N(C)CC[C@]314
CHEMBL135	C[C@]12CC[C@@H]3c4ccc(O)cc4CC[C@H]3[C@@H]1CC[C@@H]2O
CHEMBL657	CN(C)CCOC(c1ccccc1)c1ccccc1
CHEMBL658	CCC(=O)N(c1ccccc1)C1(COC)CCN(CCc2cccs2)CC1
CHEMBL659	COc1ccc2c3c1O[C@H]1C[C@@H](O)C=C[C@@]31CCN(C)C2
CHEMBL660	NC12CC3CC(CC(C3)C1)C2
CHEMBL661	Cc1nnc2n1-c1ccc(Cl)cc1C(c1ccccc1)=NC2
CHEMBL21731	CNCCCC12CCC(c3ccccc31)c1ccccc12
CHEMBL666	O=C(O)P(=O)(O)O
CHEMBL667	CC(=O)OCC[N+](C)(C)C
CHEMBL137	Cc1ncc([N+](=O)[O-])n1CCO
CHEMBL668	CNCCCC1c2ccccc2C=Cc2ccccc21
CHEMBL669	CN(C)CCC=C1c2ccccc2C=Cc2ccccc21
CHEMBL671	S=P(N1CC1)(N1CC1)N1CC1
CHEMBL672	CC(C)OC(=O)C(C)(C)Oc1ccc(C(=O)c2ccc(Cl)cc2)cc1
CHEMBL673	C#CCN(C)Cc1ccccc1
CHEMBL25105	N=C(N)c1ccc(OCCCCCCOc2ccc(C(=N)N)cc2)cc1
CHEMBL675	NCCCC(O)(P(=O)([O-])O)P(=O)(O)O.[Na+]
CHEMBL677	C[C@H](N)[C@H](O)c1ccc(O)c(O)c1
CHEMBL679	CNC[C@H](O)c1ccc(O)c(O)c1
CHEMBL680	N[C@@H](C(=O)N[C@@H]1C(=O)N2C(C(=O)O)=C(Cl)CS[C@H]12)c1ccccc1
CHEMBL681	CCOC(=O)c1cncn1[C@H](C)c1ccccc1
CHEMBL682	CCN(CC)Cc1cc(Nc2ccnc3cc(Cl)ccc23)ccc1O
CHEMBL684	CCN(CC)C(=O)N1CCN(C)CC1
CHEMBL685	COC(=O)Nc1nc2cc(C(=O)c3ccccc3)ccc2[nH]1
CHEMBL139	O=C(O)Cc1ccccc1Nc1c(Cl)cccc1Cl
CHEMBL686	Cc1cccc(Nc2ccccc2C(=O)O)c1C
CHEMBL688	CCC(=O)N(c1ccccc1)C1CCN(CCc2ccccc2)CC1.O=C(O)CC(O)(CC(=O)O)C(=O)O
CHEMBL689	OC[C@@H](O)[C@@H](O)[C@H](O)[C@H](O)CO
CHEMBL690	CC[C@H](C)C(=O)O[C@H]1C[C@H](O)C=C2C=C[C@H](C)[C@H](CC[C@@H](O)C[C@@H](O)CC(=O)[O-])[C@H]21.[Na+]
CHEMBL24072	CC(Cc1ccccc1)NCCC(c1ccccc1)c1ccccc1
CHEMBL691	C#C[C@]1(O)CC[C@H]2[C@@H]3CCc4cc(O)ccc4[C@H]3CC[C@@]21C
CHEMBL284348	Nc1ccncc1
CHEMBL692	OCC(O)CO
CHEMBL695	CN1C(=O)OC(C)(C)C1=O
CHEMBL696	CCC1(C)CC(=O)NC1=O
CHEMBL697	CN1C(=O)CC(C)(c2ccccc2)C1=O
CHEMBL698	CCCCNc1ccc(C(=O)OCCN(C)C)cc1
CHEMBL24441	CNCCc1ccccn1
CHEMBL700	Nc1ccc(S(=O)(=O)Nc2ccccn2)cc1
CHEMBL701	NCC(CC(=O)O)c1ccc(Cl)cc1
CHEMBL702	CCN1CCN(C(=O)N[C@@H](C(=O)N[C@@H]2C(=O)N3[C@@H]2SC(C)(C)[C@@H]3C(=O)O)c2ccccc2)C(=O)C1=O
CHEMBL703	C[N+](C)(C)CCOC(=O)CCC(=O)OCC[N+](C)(C)C
CHEMBL704	Nc1ccc(O)c(C(=O)O)c1
CHEMBL705	CC1=C(/C=C/C(C)=C\C=C\C(C)=C\C(=O)O)C(C)(C)CCC1
CHEMBL706	CCCCCCCCCCCCCCCCO
CHEMBL24778	C[C@H](Cc1cc2c(c(C(N)=O)c1)N(CCCO)CC2)NCCOc1ccccc1OCC(F)(F)F
CHEMBL707	COc1cc2nc(N3CCN(C(=O)C4COc5ccccc5O4)CC3)nc(N)c2cc1OC
CHEMBL279516	O=C(NC1CCN(CCc2c[nH]c3ccccc23)CC1)c1ccccc1
CHEMBL24828	COc1cc2/c(=N/c3ccc(Br)cc3F)nc[nH]c2cc1OCC1CCN(C)CC1
CHEMBL278819	Cc1cc(-c2ccccc2)nnc1NCCN1CCOCC1
CHEMBL25202	CC1(C)CCC(C)(C)c2cc(NC(=O)c3ccc(C(=O)O)cc3)ccc21
CHEMBL708	O=C1Cc2cc(CCN3CCN(c4nsc5ccccc45)CC3)c(Cl)cc2N1
CHEMBL709	COc1cc2nc(N(C)CCCNC(=O)C3CCCO3)nc(N)c2cc1OC
CHEMBL710	CC(C)(C)NC(=O)[C@H]1CC[C@H]2[C@@H]3CC[C@H]4NC(=O)C=C[C@]4(C)[C@H]3CC[C@]12C
CHEMBL711	O=C1c2ccccc2C(=O)C1c1ccccc1
CHEMBL712	COc1ccc(C2C(=O)c3ccccc3C2=O)cc1
CHEMBL24924	O=C1c2ccccc2C(=O)C1c1ccc(F)cc1
CHEMBL713	C=C1[C@H](CO)[C@@H](O)C[C@@H]1n1cnc2c(=O)[nH]c(N)nc21
CHEMBL141	Nc1ccn([C@@H]2CS[C@H](CO)O2)c(=O)n1
CHEMBL714	CC(C)(C)NCC(O)c1ccc(O)c(CO)c1
CHEMBL715	Cc1cc2c(s1)Nc1ccccc1N=C2N1CCN(C)CC1
CHEMBL716	OCCOCCN1CCN(C2=Nc3ccccc3Sc3ccccc32)CC1
CHEMBL28333	CN1CCN=C(c2ccccc2)c2cc(Cl)ccc21
CHEMBL717	CC(=O)O[C@]1(C(C)=O)CC[C@H]2[C@@H]3C[C@H](C)C4=CC(=O)CC[C@]4(C)[C@H]3CC[C@@]21C
CHEMBL28218	O=C(CCCN1CCC(O)(c2ccc(Br)cc2)CC1)c1ccc(F)cc1
CHEMBL719	C/C(=C\C(=O)OCCCCCCCCC(=O)O)C[C@@H]1OC[C@H](C[C@@H]2O[C@H]2[C@@H](C)[C@H](C)O)[C@@H](O)[C@H]1O
CHEMBL720	OCc1ccccc1
CHEMBL28318	Cc1c(C(C)C)c(=O)n(-c2ccccc2)n1C
CHEMBL27810	CCN(CC)C(=O)Nc1ccc(OCC(O)CNC(C)(C)C)c(C(C)=O)c1
CHEMBL434200	CC(C)(C)NCC(O)COc1cccc2c1SCCC2
CHEMBL723	COc1ccccc1OCCNCC(O)COc1cccc2[nH]c3ccccc3c12
CHEMBL726	OCCN1CCN(CCCN2c3ccccc3Sc3ccc(C(F)(F)F)cc32)CC1
CHEMBL727	Nc1nc2[nH]cnc2c(=S)[nH]1
CHEMBL27193	C[C@H](CCc1ccccc1)NC[C@H](O)c1ccc(O)c(C(N)=O)c1
CHEMBL728	CN1CCN(CCCN2c3ccccc3Sc3ccc(Cl)cc32)CC1
CHEMBL729	Cc1cccc(C)c1OCC(=O)N[C@@H](Cc1ccccc1)[C@@H](O)C[C@H](Cc1ccccc1)NC(=O)[C@H](C(C)C)N1CCCNC1=O
CHEMBL730	O=[N+]([O-])OCC(CO[N+](=O)[O-])O[N+](=O)[O-]
CHEMBL734	CC(=O)NO
CHEMBL284906	O=C(NCCO[N+](=O)[O-])c1cccnc1
CHEMBL282121	CCN(CCCCOC(=O)c1ccc(OC)c(OC)c1)C(C)Cc1ccc(OC)cc1
CHEMBL738	CCCC(C)C1(CC)C(=O)[N-]C(=S)NC1=O.[Na+]
CHEMBL30219	C=CCC1(C(C)C#CCC)C(=O)N=C([O-])N(C)C1=O.[Na+]
CHEMBL741	Nc1nnc(-c2cccc(Cl)c2Cl)c(N)n1
CHEMBL742	CNC1(c2ccccc2Cl)CCCCC1=O
CHEMBL744	Nc1nc2ccc(OC(F)(F)F)cc2s1
CHEMBL746	CCCc1c2oc(C(=O)O)cc(=O)c2cc2c(=O)cc(C(=O)O)n(CC)c12
CHEMBL748	C[n+]1ccccc1/C=N/O.[Cl-]
CHEMBL750	NS(=O)(=O)Cc1noc2ccccc12
CHEMBL752	Nc1ncnc2c1ncn2[C@@H]1O[C@H](COP(=O)(O)O)[C@@H](O)[C@H]1O
CHEMBL753	CC(COc1ccccc1)N(CCCl)Cc1ccccc1
CHEMBL754	O=C([O-])P(=O)([O-])[O-].[Na+].[Na+].[Na+]
CHEMBL760	O=C1CN2Cc3c(ccc(Cl)c3Cl)N=C2N1
CHEMBL761	c1ccc2c(CC3=NCCN3)cccc2c1
CHEMBL762	Cc1cc(C(C)(C)C)c(O)c(C)c1CC1=NCCN1
CHEMBL765	N=C(N)NCCN1CCCCCCC1
CHEMBL766	CC1(C)C[C@@H]1C(=O)N/C(=C\CCCCSC[C@H](N)C(=O)O)C(=O)O
CHEMBL768	COC(=O)CCc1ccc(OCC(O)CNC(C)C)cc1
CHEMBL770	c1ccc(CC2=NCCN2)cc1
CHEMBL771	N[C@@H]1CONC1=O
CHEMBL148	C[C@@H](O)[C@H]1C(=O)N2C(C(=O)O)=C(SCCNC=N)C[C@H]12
CHEMBL772	COC(=O)[C@H]1[C@H]2C[C@@H]3c4[nH]c5cc(OC)ccc5c4CCN3C[C@H]2C[C@@H](OC(=O)c2cc(OC)c(OC)c(OC)c2)[C@@H]1OC
CHEMBL773	NCC(=O)O
CHEMBL776	CC(C)NCC(O)c1cc(O)cc(O)c1
CHEMBL777	O=C(O)[C@H]1/C(=C/CO)O[C@@H]2CC(=O)N21
CHEMBL778	Cc1cccc([C@H](C)c2c[nH]cn2)c1C
CHEMBL779	CN1CC(=O)N2[C@H](c3ccc4c(c3)OCO4)c3[nH]c4ccccc4c3C[C@@H]2C1=O
CHEMBL33986	Oc1ccc2c(c1)[C@@]13CCCC[C@@]1(O)[C@@H](C2)N(CC1CCC1)CC3
CHEMBL780	O=C(O)CN(CCN(CC(=O)O)CC(=O)O)CCN(CC(=O)O)CC(=O)O
CHEMBL781	OC1(c2ccc(Cl)cc2)c2ccccc2C2=NCCN21
CHEMBL290106	Oc1c(Cl)cc(Cl)cc1Sc1cc(Cl)cc(Cl)c1O
CHEMBL782	CCCCNC(=O)NS(=O)(=O)c1ccc(C)cc1
CHEMBL783	CC(C)[C@H]1CC[C@H](C(=O)N[C@H](Cc2ccccc2)C(=O)O)CC1
CHEMBL32479	Cc1nnc2n1-c1sc(Br)cc1C(c1ccccc1Cl)=NC2
CHEMBL786	CC/C(=C(\c1ccccc1)c1ccc(OCCN(C)C)cc1)c1ccccc1.O=C(O)CC(O)(CC(=O)O)C(=O)O
CHEMBL787	CC(C)(O)c1ccccc1CC[C@@H](SCC1(CC(=O)O)CC1)c1cccc(/C=C/c2ccc3ccc(Cl)cc3n2)c1
CHEMBL788	O=c1[nH]c(=O)n([C@H]2C[C@H](O)[C@@H](CO)O2)cc1I
CHEMBL36506	CO[C@@H]1[C@@H](OC(N)=O)[C@@H](O)[C@H](Oc2ccc3c(O)c(NC(=O)c4ccc(O)c(CC=C(C)C)c4)c(=O)oc3c2C)OC1(C)C
CHEMBL152	Nc1ccn(C[C@@H](CO)OCP(=O)(O)O)c(=O)n1
CHEMBL790	N=C(NCCCCCCNC(=N)NC(=N)Nc1ccc(Cl)cc1)NC(=N)Nc1ccc(Cl)cc1
CHEMBL32800	CC(Cc1ccc(O)cc1)NCC(O)c1cc(O)cc(O)c1
CHEMBL796	COC(=O)C(c1ccccc1)C1CCCCN1
CHEMBL285674	Clc1ccc2c(c1)C(c1ccccc1)=NCc1nncn1-2
CHEMBL797	CN1C(=O)CC(c2ccccc2)C1=O
CHEMBL34259	CN(Cc1cnc2nc(N)nc(N)c2n1)c1ccc(C(=O)N[C@@H](CCC(=O)O)C(=O)O)cc1
CHEMBL284092	CC1(C)CC(=O)N(CCCCN2CCN(c3ncccn3)CC2)C(=O)C1
CHEMBL799	O=C1CCc2cc(OCCCCc3nnnn3C3CCCCC3)ccc2N1
CHEMBL802	Nc1cc(N2CCCCC2)nc(N)[n+]1[O-]
CHEMBL154	COc1ccc2cc([C@H](C)C(=O)O)ccc2c1
CHEMBL416956	OC(c1cc(C(F)(F)F)nc2c(C(F)(F)F)cccc12)C1CCCCN1
CHEMBL803	Nc1ccn([C@@H]2O[C@H](CO)[C@@H](O)[C@@H]2O)c(=O)n1
CHEMBL806	CC(C)C(=O)Nc1ccc([N+](=O)[O-])c(C(F)(F)F)c1
CHEMBL807	CC12CC3CC(C)(C1)CC(N)(C3)C2
CHEMBL808	Clc1ccc(COC(Cn2ccnc2)c2ccc(Cl)cc2Cl)cc1
CHEMBL809	CN[C@H]1CC[C@@H](c2ccc(Cl)c(Cl)c2)c2ccccc21
CHEMBL36715	NC(=O)CN1CCCC1=O
CHEMBL810	Cn1nnc2c(C(N)=O)ncn2c1=O
CHEMBL811	CN(C)CCC(c1ccc(Br)cc1)c1ccccn1
CHEMBL37744	CN(C)C/C=C(/c1ccc(Br)cc1)c1cccnc1
CHEMBL812	CN(C)C(=O)Oc1ccc[n+](C)c1.[Br-]
CHEMBL813	CCCCc1ncc(/C=C(\Cc2cccs2)C(=O)O)n1Cc1ccc(C(=O)O)cc1
CHEMBL289469	CN1C2CCCC1CC(NC(=O)c1nn(C)c3ccccc13)C2
CHEMBL814	COCCCC/C(=N\OCCN)c1ccc(C(F)(F)F)cc1
CHEMBL815	CCCCC[C@H](O)/C=C/[C@@H]1[C@@H](C/C=C\CCCC(=O)O)[C@@H](O)C[C@H]1O
CHEMBL39736	CCCCNC(=N)NC(=N)N
CHEMBL38827	CCCCN(CCCC)CC(O)c1cc(Cl)cc2c1-c1ccc(Cl)cc1/C2=C/c1ccc(Cl)cc1
CHEMBL817	Cc1ccc(S(=O)(=O)NC(=O)NN2CCCCCC2)cc1
CHEMBL818	N=C(N)NCc1cccc(I)c1
CHEMBL819	Cc1onc(-c2ccccc2)c1C(=O)N[C@@H]1C(=O)N2[C@@H]1SC(C)(C)[C@@H]2C(=O)O
CHEMBL290960	CC1CS(=O)(=O)CCN1/N=C/c1ccc([N+](=O)[O-])o1
CHEMBL820	CS(=O)(=O)OCCCCOS(C)(=O)=O
CHEMBL821	N=C(N)N
CHEMBL822	CN(C/C=C/C#CC(C)(C)C)Cc1cccc2ccccc12
CHEMBL826	CCn1cc(C(=O)O)c(=O)c2cc(F)c(N3CCNCC3)nc21
CHEMBL827	COC(=O)[C@H](c1ccccc1)[C@H]1CCCCN1
CHEMBL829	CC(CN(C)C)CN1c2ccccc2Sc2ccccc21
CHEMBL43128	COc1cc(NC(C)CCCN)c2ncccc2c1.O=P(O)(O)O.O=P(O)(O)O
CHEMBL830	NCCCC(N)(C(=O)O)C(F)F
CHEMBL831	CN1CCN(C2=Nc3ccccc3Oc3ccc(Cl)cc32)CC1
CHEMBL832	O=C1C(CC[S+]([O-])c2ccccc2)C(=O)N(c2ccccc2)N1c1ccccc1
CHEMBL288470	Cc1c(N(C)C)c(=O)n(-c2ccccc2)n1C
CHEMBL833	Clc1ccccc1CN1CCc2sccc2C1
CHEMBL290916	CC1=NN(c2ccccc2)C(=O)C1
CHEMBL834	NCCC(O)(P(=O)(O)O)P(=O)(O)O
CHEMBL289480	C1COC(NC(C2CC2)C2CC2)=N1
CHEMBL836	CCOc1ccccc1OCCN[C@H](C)Cc1ccc(OC)c(S(N)(=O)=O)c1
CHEMBL158	C[C@H]1[C@H](NC(=O)/C(=N\OC(C)(C)C(=O)O)c2csc(N)n2)C(=O)N1S(=O)(=O)O
CHEMBL44354	CC(C)(O/N=C(\C(=O)N[C@@H]1C(=O)N2C(C(=O)[O-])=C(C[n+]3ccccc3)CS[C@H]12)c1csc(N)n1)C(=O)O
CHEMBL838	CCOC(=O)[C@H](CCc1ccccc1)N[C@H]1CCc2ccccc2N(CC(=O)O)C1=O
CHEMBL41355	CCOC(=O)Nc1ccc(NCc2ccc(F)cc2)cc1N
CHEMBL288441	COc1cc(Nc2c(C#N)cnc3cc(OCCCN4CCN(C)CC4)c(OC)cc23)c(Cl)cc1Cl
CHEMBL839	CC(C)(C)NCC(O)COc1cccc2c1CCC(=O)N2
CHEMBL841	CN(C)C(=O)C(CCN1CCC(O)(c2ccc(Cl)cc2)CC1)(c1ccccc1)c1ccccc1
CHEMBL842	NS(=O)(=O)c1cc2c(cc1Cl)N=CNS2(=O)=O
CHEMBL843	CN(CCOc1ccc(CC2SC(=O)NC2=O)cc1)c1ccccn1.O=C(O)/C=C\C(=O)O
CHEMBL844	Brc1c(NC2=NCCN2)ccc2nccnc12
CHEMBL43452	Nc1cccc2c1C(=O)N(C1CCC(=O)NC1=O)C2=O
CHEMBL846	C=C1/C(=C\C=C2/CCC[C@]3(C)[C@@H]([C@H](C)CCCC(C)(C)O)CC[C@@H]23)C[C@@H](O)C[C@@H]1O
CHEMBL847	CC(C)NCC1CCc2cc(CO)c([N+](=O)[O-])cc2N1
CHEMBL848	Nc1cccc2c1CN(C1CCC(=O)NC1=O)C2=O
CHEMBL849	Oc1cc(Cl)ccc1Oc1ccc(Cl)cc1Cl
CHEMBL850	C[C@@H]1CN(c2c(F)c(N)c3c(=O)c(C(=O)O)cn(C4CC4)c3c2F)C[C@H](C)N1
CHEMBL852	N[C@@H](Cc1ccc(N(CCCl)CCCl)cc1)C(=O)O
CHEMBL297302	O=C(CCCN1CCC(n2c(=O)[nH]c3ccccc32)CC1)c1ccc(F)cc1
CHEMBL853	Nc1ccn([C@H]2CC[C@@H](CO)O2)c(=O)n1
CHEMBL855	Cc1ccc(/C(=C\CN2CCCC2)c2ccccn2)cc1
CHEMBL45029	CCC1(c2ccccc2)C(=O)NC(=O)N(C)C1=O
CHEMBL296419	COc1ccc(CCN2CCC(Nc3nc4ccccc4n3Cc3ccc(F)cc3)CC2)cc1
CHEMBL46740	Cc1c(-c2ccc(O)cc2)n(Cc2ccc(OCCN3CCCCCC3)cc2)c2ccc(O)cc12
CHEMBL856	CCC1(c2ccccc2)C(=O)NCNC1=O
CHEMBL857	O=C(O)CCCC[C@@H]1SC[C@@H]2NC(=O)N[C@@H]21
CHEMBL861	CCC1(c2ccccc2)NC(=O)N(C)C1=O
CHEMBL46917	CNC(=O)Oc1cccc2ccccc12
CHEMBL862	N=C(N)NC(=O)Cc1c(Cl)cccc1Cl
CHEMBL863	N[C@@H](CS)C(=O)O
CHEMBL46516	O=C1NCN(c2ccccc2)C12CCN(CCCC(c1ccc(F)cc1)c1ccc(F)cc1)CC2
CHEMBL864	CN(C)CCOC(c1ccc(Cl)cc1)c1ccccn1
CHEMBL43064	C(=C/c1ccccc1)\CN1CCN(C(c2ccccc2)c2ccccc2)CC1
CHEMBL295124	COc1ccc2cc3[n+](cc2c1OC)CCc1cc2c(cc1-3)OCO2
CHEMBL865	Cc1onc(-c2ccccc2)c1-c1ccc(S(N)(=O)=O)cc1
CHEMBL296913	CCC(=O)[N-]S(=O)(=O)c1ccc(-c2c(-c3ccccc3)noc2C)cc1.[Na+]
CHEMBL44884	CC[C@@H](CO)NCCN[C@@H](CC)CO
CHEMBL46058	CCCl
CHEMBL44618	ClC(Cl)Cl
CHEMBL866	COc1c(C)c2c(c(O)c1C/C=C(\C)CCC(=O)O)C(=O)OC2
CHEMBL44657	COc1cc([C@@H]2c3cc4c(cc3[C@@H](O[C@@H]3O[C@@H]5CO[C@@H](C)O[C@H]5[C@H](O)[C@H]3O)[C@H]3COC(=O)[C@H]23)OCO4)cc(OC)c1O
CHEMBL867	CCC(Cc1c(I)cc(I)c(N)c1I)C(=O)O
CHEMBL46286	COC(=O)C[C@](O)(CCCC(C)(C)O)C(=O)O[C@@H]1C(OC)=C[C@]23CCCN2CCc2cc4c(cc2[C@H]13)OCO4
CHEMBL48449	C[C@@]12C(=O)OC(=O)[C@]1(C)[C@H]1CC[C@@H]2O1
CHEMBL262777	CN[C@H](CC(C)C)C(=O)N[C@H]1C(=O)N[C@@H](CC(N)=O)C(=O)N[C@H]2C(=O)N[C@H]3C(=O)N[C@H](C(=O)N[C@H](C(=O)O)c4cc(O)cc(O)c4-c4cc3ccc4O)[C@H](O)c3ccc(c(Cl)c3)Oc3cc2cc(c3O[C@@H]2O[C@H](CO)[C@@H](O)[C@H](O)[C@H]2O[C@H]2C[C@](C)(N)[C@H](O)[C@H](C)O2)Oc2ccc(cc2Cl)[C@H]1O
CHEMBL869	NC(=O)N/N=C/c1ccc([N+](=O)[O-])o1
CHEMBL870	NCCCC(O)(P(=O)(O)O)P(=O)(O)O
CHEMBL871	CC(O)(P(=O)(O)O)P(=O)(O)O
CHEMBL159	CC[C@]1(O)C[C@@H]2CN(CCc3c([nH]c4ccccc34)[C@@](C(=O)OC)(c3cc4c(cc3OC)N(C)[C@H]3[C@@](O)(C(=O)OC)[C@H](OC(C)=O)[C@]5(CC)C=CCN6CC[C@]43[C@@H]65)C2)C1
CHEMBL45816	COCC(=O)O[C@]1(CCN(C)CCCc2nc3ccccc3[nH]2)CCc2cc(F)ccc2[C@@H]1C(C)C
CHEMBL295698	CC(=O)N1CCN(c2ccc(OC[C@@H]3CO[C@@](Cn4ccnc4)(c4ccc(Cl)cc4Cl)O3)cc2)CC1
CHEMBL298470	COc1cc(C)c2c(Oc3cccc(C(F)(F)F)c3)c(OC)cc(NC(C)CCCN)c2n1
CHEMBL877	NC[C@H]1CC[C@H](C(=O)O)CC1
CHEMBL878	Cc1ccccc1N1C(=O)c2cc(S(N)(=O)=O)c(Cl)cc2NC1C
CHEMBL880	CC(=O)OCC(CCn1cnc2cnc(N)nc21)COC(C)=O
CHEMBL885	Nc1nc(=O)n([C@@H]2CS[C@H](CO)O2)cc1F
CHEMBL887	C#CCN[C@@H]1CCc2ccccc21
CHEMBL888	Nc1ccn([C@@H]2O[C@H](CO)[C@@H](O)C2(F)F)c(=O)n1
CHEMBL296306	OC[C@H]1O[C@@H](O[C@@H]2[C@@H](CO)O[C@](O)(CO)[C@H]2O)[C@H](O)[C@@H](O)[C@H]1O
CHEMBL48582	CS(=O)(=O)O.C[C@H](NCc1ccc(OCc2cccc(F)c2)cc1)C(N)=O
CHEMBL891	Cc1onc(-c2ccccc2Cl)c1C(=O)N[C@@H]1C(=O)N2[C@@H]1SC(C)(C)[C@@H]2C(=O)O
CHEMBL299400	O=C(O)C(O)C(O)C(=O)O.Oc1ccc2c(c1)[C@@]13CCCC[C@@]1(O)[C@@H](C2)N(CC1CCC1)CC3
CHEMBL893	Cc1onc(-c2c(Cl)cccc2Cl)c1C(=O)N[C@@H]1C(=O)N2[C@@H]1SC(C)(C)[C@@H]2C(=O)O
CHEMBL894	CC(NC(C)(C)C)C(=O)c1cccc(Cl)c1
CHEMBL50588	CC[C@H]1CN2CCc3cc(OC)c(OC)cc3[C@@H]2C[C@@H]1C[C@H]1NCCc2cc(OC)c(OC)cc21
CHEMBL895	Oc1ccc2c3c1O[C@H]1[C@@H](O)CC[C@@]4(O)[C@@H](C2)N(CC2CCC2)CC[C@]314
CHEMBL52440	COc1ccc2c(c1)[C@]13CCCC[C@@H]1[C@H](C2)N(C)CC3
CHEMBL896	OCCOCCN1CCN(C(c2ccccc2)c2ccc(Cl)cc2)CC1
CHEMBL897	CCCN(CCC)S(=O)(=O)c1ccc(C(=O)O)cc1
CHEMBL898	O=C(O)c1cc(-c2ccc(F)cc2F)ccc1O
CHEMBL900	Cc1ccccc1C(OCCN(C)C)c1ccccc1
CHEMBL902	NC(N)=Nc1nc(CSCC/C(N)=N/S(N)(=O)=O)cs1
CHEMBL53292	Cc1cc(NC(=O)C2=C(O)c3ccccc3S(=O)(=O)N2C)no1
CHEMBL53463	COc1cccc2c1C(=O)c1c(O)c3c(c(O)c1C2=O)C[C@@](O)(C(=O)CO)C[C@@H]3O[C@H]1C[C@H](N)[C@H](O)[C@H](C)O1
CHEMBL904	COC(=O)[C@H](c1ccccc1)[C@H]1CCCCN1.Cl
CHEMBL905	CN(C)CCc1c[nH]c2ccc(Cn3cncn3)cc12
CHEMBL908	CN(C)CC/C=C1/c2ccccc2Sc2ccc(Cl)cc21
CHEMBL911	Cc1ccc(-c2nc3ccc(C)cn3c2CC(=O)N(C)C)cc1
CHEMBL914	CC(C)(C(=O)O)c1ccc(C(O)CCCN2CCC(C(O)(c3ccccc3)c3ccccc3)CC2)cc1
CHEMBL915	CCCc1c2oc(C(=O)[O-])cc(=O)c2cc2c(=O)cc(C(=O)[O-])n(CC)c12.[Na+].[Na+]
CHEMBL916	CCCCS(=O)(=O)N[C@@H](Cc1ccc(OCCCCC2CCNCC2)cc1)C(=O)O
CHEMBL53418	O=C1c2cccc(O)c2C(=O)c2c(O)cccc21
CHEMBL917	O=c1[nH]c(=O)n([C@H]2C[C@H](O)[C@@H](CO)O2)cc1F
CHEMBL918	NC(=O)NC(=O)Cc1ccccc1
CHEMBL919	O=C1NC(c2ccccc2)(c2ccccc2)C(=O)N1COP(=O)([O-])[O-].[Na+].[Na+]
CHEMBL920	C[N+](C)(C)CCO
CHEMBL54349	CCCN(CCC)C(=O)Cc1c(-c2ccc(Cl)cc2)nc2ccc(Cl)cn12
CHEMBL922	CC(C)(C)C(=O)OCOP(=O)(COCCn1cnc2c(N)ncnc21)OCOC(=O)C(C)(C)C
CHEMBL161	CO/N=C(\C(=O)N[C@@H]1C(=O)N2C(C(=O)O)=C(CSc3nc(=O)c(O)nn3C)CS[C@H]12)c1csc(N)n1
CHEMBL923	O=P(O)(O)C(O)(Cc1cccnc1)P(=O)(O)O
CHEMBL924	O=P(O)(O)C(O)(Cn1ccnc1)P(=O)(O)O
CHEMBL264241	CCCCCOc1ccc(-c2ccc(-c3ccc(C(=O)N[C@H]4C[C@@H](O)[C@@H](O)NC(=O)[C@@H]5[C@@H](O)[C@@H](C)CN5C(=O)[C@H]([C@@H](C)O)NC(=O)[C@H]([C@H](O)[C@@H](O)c5ccc(O)cc5)NC(=O)[C@@H]5C[C@@H](O)CN5C(=O)[C@H]([C@@H](C)O)NC4=O)cc3)cc2)cc1
CHEMBL925	N[C@@H](Cc1ccc(O)cc1)C(=O)O
CHEMBL926	CC(CCc1ccc(O)cc1)NCCc1ccc(O)c(O)c1
CHEMBL56021	CC(=O)N[C@@H](CC(C)C)C(=O)O
CHEMBL927	C=CC1=C(C(=O)O)N2C(=O)[C@@H](NC(=O)/C(=N\O)c3csc(N)n3)[C@H]2SC1
CHEMBL54976	N[C@@H](Cc1c[nH]c2ccccc12)C(=O)O
CHEMBL928	O=C1CN(/N=C/c2ccc(-c3ccc([N+](=O)[O-])cc3)o2)C(=O)[N-]1.[Na+]
CHEMBL298734	NC(=O)N1CCC(CC(=O)N2CCC([C@H]3c4ncc(Br)cc4CCc4cc(Cl)cc(Br)c43)CC2)CC1
CHEMBL929	CC(C)Nc1cccnc1N1CCN(C(=O)c2cc3cc(NS(C)(=O)=O)ccc3[nH]2)CC1.CS(=O)(=O)O
CHEMBL930	NC(=O)CC[C@H](N)C(=O)O
CHEMBL56367	CS(=O)(=O)Nc1ccc([N+](=O)[O-])cc1Oc1ccccc1
CHEMBL931	FC(F)(F)C(Cl)Br
CHEMBL932	OCCN(CCO)c1nc(N2CCCCC2)c2nc(N(CCO)CCO)nc(N3CCCCC3)c2n1
CHEMBL934	CC(C)(C(=O)c1cccnc1)c1cccnc1
CHEMBL936	OC(CCCN1CCCCC1)(c1ccccc1)c1ccccc1
CHEMBL937	CCN(CC)C(=O)N1CCN(C)CC1.O=C(O)CC(O)(CC(=O)O)C(=O)O
CHEMBL163	CC(C)c1nc(CN(C)C(=O)N[C@H](C(=O)N[C@@H](Cc2ccccc2)C[C@H](O)[C@H](Cc2ccccc2)NC(=O)OCc2cncs2)C(C)C)cs1
CHEMBL939	COc1cc2ncnc(Nc3ccc(F)c(Cl)c3)c2cc1OCCCN1CCOCC1
CHEMBL940	NCC1(CC(=O)O)CCCCC1
CHEMBL291338	O=C(Nc1ccc(Cl)c(Cl)c1)c1cc(Cl)cc(Cl)c1O
CHEMBL58323	COC[C@@H](NC(C)=O)C(=O)NCc1ccccc1
CHEMBL941	Cc1ccc(NC(=O)c2ccc(CN3CCN(C)CC3)cc2)cc1Nc1nccc(-c2cccnc2)n1
CHEMBL56564	CN1[C@@H]2CC[C@H]1C[C@@H](OC(=O)c1c[nH]c3ccccc13)C2
CHEMBL301265	CCCN[C@H]1CCc2nc(N)sc2C1
CHEMBL942	CC(=O)Oc1ccc(C(c2ccc(OC(C)=O)cc2)c2ccccn2)cc1
CHEMBL56337	CC(/C=C1\SC(=S)N(CC(=O)O)C1=O)=C\c1ccccc1
CHEMBL944	CCN(CC)CCOC(=O)c1ccc(N)cc1Cl.Cl
CHEMBL945	N=C(N)NC(=O)c1nc(Cl)c(N)nc1N
CHEMBL946	CN1CCC(=C2c3ccccc3CCc3cccnc32)CC1
CHEMBL58510	CCN(CC)CCCC(C)Nc1ccnc2cc(Cl)ccc12.O=P(O)(O)O.O=P(O)(O)O
CHEMBL951	CCOC(=O)CCCCCCCCC(C)c1ccc(I)cc1
CHEMBL294199	COc1cc(CNC(=O)CCCC/C=C/C(C)C)ccc1O
CHEMBL953	CCN(CC)C(=O)/C(C#N)=C/c1cc(O)c(O)c([N+](=O)[O-])c1
CHEMBL61593	NS(=O)(=O)c1cc2c(cc1Cl)NC(C1CC3C=CC1C3)NS2(=O)=O
CHEMBL956	CC(C(=O)O)c1ccc(C(=O)c2cccs2)cc1
CHEMBL957	COc1ccccc1Oc1c(NS(=O)(=O)c2ccc(C(C)(C)C)cc2)nc(-c2ncccn2)nc1OCCO
CHEMBL959	CC(N)C12CC3CC(CC(C3)C1)C2
CHEMBL960	Cc1oncc1C(=O)Nc1ccc(C(F)(F)F)cc1
CHEMBL62193	COc1cc(NS(=O)(=O)c2ccc(N)cc2)nc(OC)n1
CHEMBL61006	CC(N)C(O)c1ccccc1
CHEMBL962	CCCCC[C@H](O)/C=C/[C@@H]1[C@H]2C/C(=C/CCCC(=O)[O-])O[C@H]2C[C@H]1O.[Na+]
CHEMBL963	CN1CC[C@]23c4c5ccc(O)c4O[C@H]2C(=O)CC[C@@]3(O)[C@H]1C5
CHEMBL964	CCN(CC)C(=S)SSC(=S)N(CC)CC
CHEMBL965	C[N+](C)(C)CCOC(N)=O
CHEMBL967	CN1C(=O)C(O)N=C(c2ccccc2)c2cc(Cl)ccc21
CHEMBL968	CCN(CC)CCN1C(=O)CN=C(c2ccccc2F)c2cc(Cl)ccc21
CHEMBL969	O=C1CN=C(c2ccccc2)c2cc(Cl)ccc2N1CC1CC1
CHEMBL970	O=C1CN=C(c2ccccc2)c2cc(Cl)ccc2N1CC(F)(F)F
CHEMBL971	CCCC(C)C1(CC)C(=O)N=C([O-])NC1=O.[Na+]
CHEMBL972	C#CCN(C)[C@H](C)Cc1ccccc1
CHEMBL973	C/C(O)=C(\C#N)C(=O)Nc1ccc(C(F)(F)F)cc1
CHEMBL975	O=S(=O)([O-])CCS.[Na+]
CHEMBL64391	CCC(C)n1ncn(-c2ccc(N3CCN(c4ccc(OCC5COC(Cn6cncn6)(c6ccc(Cl)cc6Cl)O5)cc4)CC3)cc2)c1=O
CHEMBL64894	CN(C)c1ccc(C(=C2C=CC(=[N+](C)C)C=C2)c2ccc(N(C)C)cc2)cc1.[Cl-]
CHEMBL976	O=C(C1CCCCC1)N1CC(=O)N2CCc3ccccc3C2C1
CHEMBL977	C[C@]12CCC(=O)C=C1CC[C@@H]1[C@@H]2[C@@H](O)C[C@@]2(C)[C@H]1CC[C@]2(O)C(=O)COC(=O)CCC(=O)O
CHEMBL978	CC(=O)OC(C)C[N+](C)(C)C
CHEMBL979	CCCC(C)(COC(N)=O)COC(N)=O
CHEMBL980	COc1ccccc1OCC(O)CO
CHEMBL981	CC(C)(Oc1ccc(C(=O)c2ccc(Cl)cc2)cc1)C(=O)O
CHEMBL982	C=C1CC[C@@]2(O)[C@H]3Cc4ccc(O)c5c4[C@@]2(CCN3CC2CC2)[C@H]1O5
CHEMBL983	C[N+](C)(C)CCOC(=O)CCC(=O)OCC[N+](C)(C)C.[Cl-].[Cl-]
CHEMBL984	COc1cc2c(cc1OC)[C@@H](Cc1cc(OC)c(OC)c(OC)c1)[N+](C)(CCCOC(=O)CC/C=C/CCC(=O)OCCC[N+]1(C)CCc3cc(OC)c(OC)cc3[C@H]1Cc1cc(OC)c(OC)c(OC)c1)CC2.[Cl-].[Cl-]
CHEMBL985	NC(N)=O
CHEMBL65375	Cl.N=C1CCCN1Cc1[nH]c(=O)[nH]c(=O)c1Cl
CHEMBL291657	C#CCN(c1nc(-c2cc(C)c(OC)cc2Cl)c(C)s1)[C@@H](CC1CC1)c1ccc(C)c(F)c1
CHEMBL63857	O=C1OC(c2ccc(O)cc2)(c2ccc(O)cc2)c2ccccc21
CHEMBL986	CC1=C(/C=C/C(C)=C/C=C/C(C)=C/CO)C(C)(C)CCC1
CHEMBL65794	CO/N=C(\C(=O)N[C@@H]1C(=O)N2C(C(=O)[O-])=C(C[n+]3cccc4c3CCC4)CS[C@H]12)c1csc(N)n1
CHEMBL989	CC1(C)O[C@@H]2C[C@H]3[C@@H]4C[C@H](F)C5=CC(=O)C=C[C@]5(C)[C@@]4(F)[C@@H](O)C[C@]3(C)[C@]2(C(=O)CO)O1
CHEMBL990	CN(Cc1ccc(C(C)(C)C)cc1)Cc1cccc2ccccc12
CHEMBL70246	Cn1c(=O)c2c(ncn2CC(=O)O)n(C)c1=O
CHEMBL991	Cc1cn([C@H]2C=C[C@@H](CO)O2)c(=O)[nH]c1=O
CHEMBL995	CCCCc1nc(Cl)c(CO)n1Cc1ccc(-c2ccccc2-c2nnn[n-]2)cc1.[K+]
CHEMBL996	CO[C@@]1(NC(=O)Cc2cccs2)C(=O)N2C(C(=O)O)=C(COC(N)=O)CS[C@@H]21
CHEMBL70046	O=c1[nH]c(=O)n([C@@H]2O[C@H](CO)[C@@H](O)[C@@H]2O)cc1/C=C/Br
CHEMBL997	CCCCCN(C)CCC(O)(P(=O)(O)O)P(=O)(O)O
CHEMBL998	CCOC(=O)N1CCC(=C2c3ccc(Cl)cc3CCc3cccnc32)CC1
CHEMBL71752	CCOC(=O)C1=C[C@]2(CC)CCCN3CCc4c(n1c1ccccc41)[C@@H]32
CHEMBL305660	CC(C)(C)c1ccc(C(=O)CCCN2CCC(OC(c3ccccc3)c3ccccc3)CC2)cc1
CHEMBL1000	O=C(O)COCCN1CCN(C(c2ccccc2)c2ccc(Cl)cc2)CC1
CHEMBL70418	CN1C(=O)CC(=O)N(c2ccccc2)c2cc(Cl)ccc21
CHEMBL1002	CC(C)(C)NC[C@H](O)c1ccc(O)c(CO)c1
CHEMBL1003	O=C([O-])[C@H]1/C(=C/CO)O[C@@H]2CC(=O)N21.[K+]
CHEMBL1004	CN(C)CCOC(C)(c1ccccc1)c1ccccn1
CHEMBL70972	CC1=C(C)C(=O)C(C(CCCCCC(=O)O)c2ccccc2)=C(C)C1=O
CHEMBL1005	CCC(=O)N(c1ccccc1)C1(C(=O)OC)CCN(CCC(=O)OC)CC1
CHEMBL70927	Cc1c(O)c(=O)ccn1C
CHEMBL1006	NCCCNCCSP(=O)(O)O
CHEMBL1008	CC(C)COCC(CN(Cc1ccccc1)c1ccccc1)N1CCCC1
CHEMBL1009	N[C@@H](Cc1ccc(O)c(O)c1)C(=O)O
CHEMBL1010	CO/N=C(\C(=O)N[C@@H]1C(=O)N2C(C(=O)[O-])=C(COC(C)=O)CS[C@H]12)c1csc(N)n1.[Na+]
CHEMBL308954	Cc1cc(C#N)cc(C)c1Oc1nc(Nc2ccc(C#N)cc2)nc(N)c1Br
CHEMBL306700	CCOc1ccccc1OCC1CNCCO1
CHEMBL1013	N[C@@H](C(=O)N[C@@H]1C(=O)N2C(C(=O)O)=C(Cl)CC[C@H]12)c1ccccc1
CHEMBL74632	CO[C@@]1(NC(=O)C(C(=O)O)c2ccc(O)cc2)C(=O)N2C(C(=O)O)=C(CSc3nnnn3C)CO[C@@H]21
CHEMBL312448	Cc1cc(C(C)(C)C)cc(C)c1CC1=NCCN1
CHEMBL1014	CCOc1nc2cccc(C(=O)OC(C)OC(=O)OC3CCCCC3)c2n1Cc1ccc(-c2ccccc2-c2nn[nH]n2)cc1
CHEMBL1015	Cc1cc(-c2ccc(/N=N/c3ccc4c(S(=O)(=O)O)cc(S(=O)(=O)O)c(N)c4c3O)c(C)c2)ccc1/N=N/c1ccc2c(S(=O)(=O)O)cc(S(=O)(=O)O)c(N)c2c1O
CHEMBL1017	CCCc1nc2c(C)cc(-c3nc4ccccc4n3C)cc2n1Cc1ccc(-c2ccccc2C(=O)O)cc1
CHEMBL1018	C/C=C(C(=C/C)/c1ccc(O)cc1)\c1ccc(O)cc1
CHEMBL75435	C[C@H](C(=O)O)c1cccc(C(=O)c2ccccc2)c1
CHEMBL73234	CCN(CC)CCOCCOC(=O)C1(c2ccccc2)CCCC1
CHEMBL1020	Cc1ccc(C(=O)c2ccc(CC(=O)O)n2C)cc1
CHEMBL1021	NC(=O)Cc1cccc(C(=O)c2ccccc2)c1N
CHEMBL75880	C1CCC(C(CC2CCCCN2)C2CCCCC2)CC1
CHEMBL1023	C=C(c1ccc(C(=O)O)cc1)c1cc2c(cc1C)C(C)(C)CCC2(C)C
CHEMBL1024	O=P1(NCCCl)OCCCN1CCCl
CHEMBL1025	CC(C)OP(=O)(F)OC(C)C
CHEMBL307261	C[C@H]1[C@@H](O)O[C@@H]2O[C@@]3(C)CC[C@H]4[C@H](C)CC[C@@H]1[C@@]24OO3
CHEMBL1026	CS(=O)(=O)O.Oc1ccc(C2CNCCc3c2cc(O)c(O)c3Cl)cc1
CHEMBL1027	Cc1ccsc1C(=CCCN1CCC[C@@H](C(=O)O)C1)c1sccc1C
CHEMBL76370	CCCCCNC(=N)N/N=C/c1c[nH]c2ccc(OC)cc12
CHEMBL431770	CCn1c(=O)c2c(nc(/C=C/c3ccc(OC)c(OC)c3)n2C)n(CC)c1=O
CHEMBL1029	CCCCN1C[C@H](O)[C@@H](O)[C@H](O)[C@H]1CO
CHEMBL1034	O=C([O-])Cc1ccccc1Nc1c(Cl)cccc1Cl.[Na+]
CHEMBL1037	N=C(N)NCC1COC2(CCCCC2)O1
CHEMBL1040	C=C1CC[C@H](O)C/C1=C/C=C1\CCC[C@]2(C)[C@@H]([C@H](C)CCCC(C)(C)O)CC[C@@H]12
CHEMBL1042	C=C1CC[C@H](O)C/C1=C/C=C1\CCC[C@]2(C)[C@@H]([C@H](C)CCCC(C)C)CC[C@@H]12
CHEMBL1043	Nc1ccc(S(=O)(=O)c2ccc(N)cc2)cc1
CHEMBL1046	NCCCCCC(=O)O
CHEMBL421701	CCN1/C(=C/C=C/C=C/c2sc3ccccc3[n+]2CC)Sc2ccccc21.[I-]
CHEMBL311498	Oc1cc(O)c2c(c1)O[C@H](c1ccc(O)c(O)c1)[C@@H](O)C2
CHEMBL420762	Cc1ccccc1C(=O)Nc1ccc(C(=O)N2CCCC(N(C)C)c3ccccc32)cc1
CHEMBL1051	CC(C)OC(=O)CCC/C=C\C[C@@H]1[C@@H](CC[C@@H](O)CCc2ccccc2)[C@H](O)C[C@@H]1O
CHEMBL1054	NS(=O)(=O)c1cc2c(cc1Cl)NC(C(Cl)Cl)NS2(=O)=O
CHEMBL1055	NS(=O)(=O)c1cc(C2(O)NC(=O)c3ccccc32)ccc1Cl
CHEMBL316157	O=C(Cc1cccs1)N[C@@H]1C(=O)N2C(C(=O)[O-])=C(C[n+]3ccccc3)CS[C@H]12
CHEMBL1057	O=C1OC2(c3ccc(O)cc3Oc3cc(O)ccc32)c2ccccc21
CHEMBL1059	CC(C)C[C@H](CN)CC(=O)O
CHEMBL1060	O=P([O-])([O-])O.[Na+].[Na+]
CHEMBL1064	CCC(C)(C)C(=O)O[C@H]1C[C@@H](C)C=C2C=C[C@H](C)[C@H](CC[C@@H]3C[C@@H](O)CC(=O)O3)[C@H]21
CHEMBL83063	CC(NCCc1ccc(O)cc1)C(O)c1ccc(O)cc1
CHEMBL1065	CC[C@@H](CO)NC(=O)[C@@H]1C=C2c3cccc4c3c(cn4C)C[C@H]2N(C)C1
CHEMBL1068	NC(=O)N1c2ccccc2CC(=O)c2ccccc21
CHEMBL1069	CCCCC(=O)N(Cc1ccc(-c2ccccc2-c2nnn[nH]2)cc1)[C@H](C(=O)O)C(C)C
CHEMBL315838	COc1ccc(C(=O)Nc2ccccc2CCC2CCCCN2C)cc1
CHEMBL86304	O=C(NCCN1CCOCC1)c1ccc(Cl)cc1
CHEMBL85231	CN(C)CC(Oc1ccccc1)Oc1ccccc1
CHEMBL1070	COc1ccc2cc(CCC(C)=O)ccc2c1
CHEMBL1071	O=C(O)CCc1nc(-c2ccccc2)c(-c2ccccc2)o1
CHEMBL314437	CCC1(c2cccc(O)c2)CCCCN(C)C1
CHEMBL86715	OC(CCN1CCCC1)(c1ccccc1)C1CCCCC1
CHEMBL1072	CCCCNc1cc(C(=O)O)cc(S(N)(=O)=O)c1Oc1ccccc1
CHEMBL1073	Cc1cnc(C(=O)NCCc2ccc(S(=O)(=O)NC(=O)NC3CCCCC3)cc2)cn1
CHEMBL87708	CN(CCCN1c2ccccc2CCc2ccccc21)CC(=O)c1ccc(Cl)cc1
CHEMBL87493	CCNC(C)Cc1cccc(C(F)(F)F)c1
CHEMBL315795	Cc1ncsc1CCCl
CHEMBL315985	NC(=O)N1c2ccccc2C[C@H](O)c2ccccc21
CHEMBL1075	CCOC(=O)Nc1ccc2c(c1)N(C(=O)CCN1CCOCC1)c1ccccc1S2
CHEMBL87992	CC(=O)O[C@H]1Cc2ccccc2N(C(N)=O)c2ccccc21
CHEMBL1077	Nc1c(CC(=O)O)cccc1C(=O)c1ccc(Br)cc1
CHEMBL1079	Clc1ccc2nsnc2c1NC1=NCCN1
CHEMBL89598	C=CC(N)CCC(=O)O
CHEMBL90555	CC[C@]1(O)C[C@H]2CN(CCc3c([nH]c4ccccc34)[C@@](C(=O)OC)(c3cc4c(cc3OC)N(C=O)[C@H]3[C@@](O)(C(=O)OC)[C@H](OC(C)=O)[C@]5(CC)C=CCN6CC[C@]43[C@@H]65)C2)C1
CHEMBL1082	CC1(C)S[C@@H]2[C@H](NC(=O)[C@H](N)c3ccc(O)cc3)C(=O)N2[C@H]1C(=O)O
CHEMBL313972	C[C@H](Cc1ccc(O)c(O)c1)[C@@H](C)Cc1ccc(O)c(O)c1
CHEMBL314854	CCCCCCCCc1ccc(CCC(N)(CO)CO)cc1
CHEMBL91397	Cc1cncc(CN2CCC(=C3c4ccc(Cl)cc4CCc4cccnc43)CC2)c1
CHEMBL1085	CC(=O)c1ccc2c(c1)N(CCCN1CCN(CCO)CC1)c1ccccc1S2
CHEMBL1086	CCCCOc1cc(C(=O)NCCN(CC)CC)c2ccccc2n1
CHEMBL1087	Cc1cccc(C)c1NC(=O)C1CCCCN1C
CHEMBL1088	CN1CCCCC1CCN1c2ccccc2Sc2ccc([S+](C)[O-])cc21
CHEMBL1089	NNCCc1ccccc1
CHEMBL1090	Nc1ncnc2c1ncn2[C@@H]1O[C@H](CO)[C@@H](O)[C@@H]1O
CHEMBL90593	C[C@]12CC[C@H](O)CC1=CC[C@@H]1[C@@H]2CC[C@]2(C)C(=O)CC[C@@H]12
CHEMBL1091	CC(=O)OCC(=O)[C@@]1(O)CC[C@H]2[C@@H]3CCC4=CC(=O)CC[C@]4(C)[C@H]3[C@@H](O)C[C@@]21C
CHEMBL1092	Cl.OC(CCN1CCCCC1)(c1ccccc1)C1CCCCC1
CHEMBL1093	CCCNC(C)C(=O)Nc1c(C)csc1C(=O)OC
CHEMBL1094	NC(=O)OCC(COC(N)=O)c1ccccc1
CHEMBL1095	CCN1C(=O)NC(c2ccccc2)C1=O
CHEMBL1096	CC(C)c1ccc2oc3nc(N)c(C(=O)O)cc3c(=O)c2c1
CHEMBL94081	C=CCOc1ccc(CC(=O)O)cc1Cl
CHEMBL92401	CC(C)NNC(=O)c1ccncc1
CHEMBL1098	CCCCN1CCCCC1C(=O)Nc1c(C)cccc1C
CHEMBL93268	O=N[O-].[Na+]
CHEMBL1100	CCC1(C)OC(=O)N(C)C1=O
CHEMBL1101	OC(CCN1CCCCC1)(c1ccccc1)C1CC2C=CC1C2
CHEMBL328560	NS(=O)(=O)c1ccc(N2CCCCS2(=O)=O)cc1
CHEMBL1102	CCC1(c2ccccc2)CCC(=O)NC1=O
CHEMBL1103	O=C1OCCN1/N=C/c1ccc([N+](=O)[O-])o1
CHEMBL1104	CC[N+](C)(C)c1cccc(O)c1
CHEMBL413965	O=C(O)Cc1ccc(-c2ccccc2)cc1
CHEMBL1106	NC1=NCC2c3ccccc3Cc3ccccc3N12
CHEMBL1107	CCCCN(CCCC)CCC(O)c1cc2c(Cl)cc(Cl)cc2c2cc(C(F)(F)F)ccc12
CHEMBL1108	O=C(CCCN1CC=C(n2c(=O)[nH]c3ccccc32)CC1)c1ccc(F)cc1
CHEMBL94454	CN(c1nccc(=O)[nH]1)C1CCN(c2nc3ccccc3n2Cc2ccc(F)cc2)CC1
CHEMBL1109	Nc1ccc(S(=O)(=O)Nc2ccnn2-c2ccccc2)cc1
CHEMBL1110	Cc1[nH]cnc1CN1CCc2c(c3ccccc3n2C)C1=O
CHEMBL94394	CCCCOc1ccc(CC(=O)NO)cc1
CHEMBL316561	CCCN(CCC)C(=O)C(CCC(=O)O)NC(=O)c1ccccc1
CHEMBL1111	COC(c1ccccc1)(c1ccccc1)[C@H](Oc1nc(C)cc(C)n1)C(=O)O
CHEMBL1112	O=C1CCc2ccc(OCCCCN3CCN(c4cccc(Cl)c4Cl)CC3)cc2N1
CHEMBL1113	Clc1ccc2c(c1)C(N1CCNCC1)=Nc1ccccc1O2
CHEMBL1115	CN(C)C(=O)Oc1ccc[n+](C)c1
CHEMBL1116	Cl.O=C(c1ccc(OCCN2CCCCC2)cc1)c1c(-c2ccc(O)cc2)sc2cc(O)ccc12
CHEMBL1117	CC(=O)[C@]1(O)Cc2c(O)c3c(c(O)c2[C@@H](O[C@H]2C[C@H](N)[C@H](O)[C@H](C)O2)C1)C(=O)c1ccccc1C3=O
CHEMBL95889	C[N+](C)(C)CC(=O)O
CHEMBL1118	CN(C)CC(c1ccc(O)cc1)C1(O)CCCCC1
CHEMBL319144	O=P(O)(O)C(O)(Cc1cnc2ccccn12)P(=O)(O)O
CHEMBL328190	Oc1ccc2c(c1)CC[C@H](c1ccccc1)[C@@H]2c1ccc(OCCN2CCCC2)cc1
CHEMBL317052	CNC(=O)c1cnn(-c2nc(N)c3ncn([C@@H]4O[C@H](CO)[C@@H](O)[C@H]4O)c3n2)c1
CHEMBL329522	O=C(c1cc(O)c(O)c(O)c1)c1ccc(O)c(O)c1O
CHEMBL99946	CCN(CC)C(=O)[C@@]1(c2ccccc2)C[C@H]1CN
CHEMBL317094	CCOC(=O)[C@H](CCc1ccccc1)N[C@@H](C)C(=O)N1C(=O)N(C)C[C@H]1C(=O)O
CHEMBL100116	CC(C)=CCN1CCC2(C)c3cc(O)ccc3CC1C2C
CHEMBL1123	CCN(CC)CCOC(=O)C1(C2CCCCC2)CCCCC1
CHEMBL1126	CC1(C)S[C@@H]2[C@H](NC(=O)Cc3ccccc3)C(=O)N2[C@H]1C(=O)[O-].[Na+]
CHEMBL1128	CC[N+](C)(C)c1cccc(O)c1.[Cl-]
CHEMBL1129	O=c1[nH]c(=O)n([C@H]2C[C@H](O)[C@@H](CO)O2)cc1C(F)(F)F
CHEMBL1131	COc1cc(C)c(/C=C/C(C)=C/C=C/C(C)=C/C(=O)O)c(C)c1C
CHEMBL1133	CCN(CC)CC#CCOC(=O)C(O)(c1ccccc1)C1CCCCC1.Cl
CHEMBL1134	C[N+](C)(C)CCCCCCCCCC[N+](C)(C)C.[Br-].[Br-]
CHEMBL1136	CC[C@H]1OC(=O)[C@H](C)C(=O)[C@H](C)[C@@H](O[C@@H]2O[C@H](C)C[C@H](N(C)C)[C@H]2O)[C@](C)(OC)C[C@@H](C)C(=O)[C@H](C)[C@H]2N(CCCCn3cnc(-c4cccnc4)c3)C(=O)O[C@]12C
CHEMBL1138	O=C1[C@H](CC[C@H](O)c2ccc(F)cc2)[C@@H](c2ccc(O)cc2)N1c1ccc(F)cc1
CHEMBL1139	CCCCC[C@H](O)/C=C/[C@@H]1[C@H]2C/C(=C/CCCC(=O)O)O[C@H]2C[C@H]1O
CHEMBL1140	NC(=O)c1cccnc1
CHEMBL418995	O=C(O)CCCCCCNC1c2ccccc2CCc2ccccc21
CHEMBL106258	NC1=NCC(c2ccccc2)O1
CHEMBL110458	OC[C@H]1NC[C@H](O)[C@@H](O)[C@H]1O
CHEMBL108545	COC(=O)c1ccccc1O
CHEMBL1141	[I-].[K+]
CHEMBL1144	CC[C@H](C)C(=O)O[C@H]1C[C@H](O)C=C2C=C[C@H](C)[C@H](CC[C@@H](O)C[C@@H](O)CC(=O)O)[C@H]21
CHEMBL1146	Cn1nnnc1SCC1=C(C(=O)O)N2C(=O)[C@@H](NC(=O)[C@H](O)c3ccccc3)[C@H]2SC1
CHEMBL1148	Cc1cccc(Nc2ccncc2S(=O)(=O)NC(=O)NC(C)C)c1
CHEMBL1149	C[N+](C)(C)C[C@H](O)CC(=O)[O-]
CHEMBL1152	CC(=O)OCC(=O)[C@@]1(O)CC[C@H]2[C@@H]3CCC4=CC(=O)C=C[C@]4(C)[C@H]3[C@@H](O)C[C@@]21C
CHEMBL110691	CC(=O)O[C@]1(C(C)=O)CC[C@H]2[C@@H]3C=C(Cl)C4=CC(=O)CC[C@]4(C)[C@H]3CC[C@@]21C
CHEMBL113178	C[Se]CC[C@H](N)C(=O)O
CHEMBL325041	CC(C)C[C@H](NC(=O)[C@H](Cc1ccccc1)NC(=O)c1cnccn1)B(O)O
CHEMBL1159	CC(N/C(=N\C#N)Nc1ccncc1)C(C)(C)C
CHEMBL1161	C[C@@H]1C[C@H]2[C@@H]3CCC4=CC(=O)C=C[C@]4(C)[C@@]3(Cl)[C@@H](O)C[C@]2(C)[C@@]1(OC(=O)c1ccco1)C(=O)CCl
CHEMBL1162	C#C[C@]1(O)CC[C@H]2[C@@H]3CCC4=CC(=O)CC[C@@H]4[C@H]3CC[C@@]21C
CHEMBL1163	COC(=O)N[C@H](C(=O)N[C@@H](Cc1ccccc1)[C@@H](O)CN(Cc1ccc(-c2ccccn2)cc1)NC(=O)[C@@H](NC(=O)OC)C(C)(C)C)C(C)(C)C
CHEMBL1165	CCOC(=O)[C@H](CCc1ccccc1)N[C@@H](C)C(=O)N1Cc2cc(OC)c(OC)cc2C[C@H]1C(=O)O
CHEMBL1166	CC1CNc2c(cccc2S(=O)(=O)N[C@@H](CCCNC(=N)N)C(=O)N2CC[C@@H](C)C[C@@H]2C(=O)O)C1
CHEMBL1167	CN[C@@H]1[C@H](O)[C@H](NC)[C@H]2O[C@@]3(O)C(=O)C[C@@H](C)O[C@H]3O[C@@H]2[C@H]1O
CHEMBL1168	CCOC(=O)[C@H](CCc1ccccc1)N[C@@H](C)C(=O)N1[C@H](C(=O)O)C[C@@H]2CCC[C@@H]21
CHEMBL419213	NCCCC[C@H](N[C@@H](CCc1ccccc1)C(=O)O)C(=O)N1CCC[C@H]1C(=O)O.O.O
CHEMBL1169	Nc1ccc(C(=O)O)c(O)c1
CHEMBL1170	CCC(=O)O[C@H]1CC[C@H]2[C@@H]3CCC4=CC(=O)CC[C@]4(C)[C@H]3CC[C@]12C
CHEMBL117287	COCCCN1CCC(NC(=O)c2cc(Cl)c(N)c3c2OCC3)CC1
CHEMBL1172	Clc1ccc2c(c1)CCc1cccnc1C2=C1CCNCC1
CHEMBL333826	Cc1cc(N)c2ccccc2[n+]1CCCCCCCCCC[n+]1c(C)cc(N)c2ccccc21
CHEMBL1175	CNCC[C@H](Oc1cccc2ccccc12)c1cccs1
CHEMBL1177	NC1=NC(=O)C(c2ccccc2)O1
CHEMBL119423	Sc1ncnc2[nH]ncc12
CHEMBL117785	COc1cc2c(cc1OC)C1CC(=O)C(CC(C)C)CN1CC2
CHEMBL71595	OO
CHEMBL1184	CC(=O)OCC[N+](C)(C)C.[Cl-]
CHEMBL1185	CN(C)CCc1c[nH]c2ccc(C[C@H]3COC(=O)N3)cc12
CHEMBL1187	O=P(O)(O)O
CHEMBL338975	CNC(=O)Oc1ccc2c(c1)[C@]1(C)CCN(C)[C@@H]1N2C.O=C(O)c1ccccc1O
CHEMBL121663	Cc1cc(N)c2ccccc2[n+]1CCCCCCCCCC[n+]1c(C)cc(N)c2ccccc21.[Cl-].[Cl-]
CHEMBL1190	C[N+](C)(C)CCCCCCCCCC[N+](C)(C)C
CHEMBL339427	COc1cc2c3cc1Oc1cc(ccc1O)C[C@@H]1c4c(cc(OC)c(O)c4Oc4ccc(cc4)C[C@@H]3N(C)CC2)CC[N+]1(C)C
CHEMBL338802	N=C(N)NS(=O)(=O)c1ccc(N)cc1
CHEMBL1191	Cc1nnc(NS(=O)(=O)c2ccc(N)cc2)s1
CHEMBL1193	CN(C)CCC(c1ccccc1)c1ccccn1
CHEMBL1194	CCCNC(C)C(=O)Nc1ccccc1C
CHEMBL1195	CCCOc1cc(N)ccc1C(=O)OCCN(CC)CC
CHEMBL1196	CCCOc1ccc(C(=O)OCCN(CC)CC)cc1N
CHEMBL1197	CC(CNC1CCCCC1)OC(=O)c1ccccc1
CHEMBL1198	CCCCOc1ccc(OCCCN2CCOCC2)cc1
CHEMBL1200	CCCCOc1cc(C(=O)OCCN(CC)CC)ccc1N
CHEMBL1201	CN1CCN(CC/C=C2/c3ccccc3Sc3ccc(S(=O)(=O)N(C)C)cc32)CC1
CHEMBL126224	CN(C)CCCn1c2c(c3ccccc31)CCCCCC2
CHEMBL127516	CCCCOC(=O)c1ccc(N)cc1
CHEMBL1202	Cl.O=C(O)c1cn(C2CC2)c2cc(N3CCNCC3)c(F)cc2c1=O
CHEMBL1205	CS(=O)(=O)O.Cc1c(O)cccc1C(=O)N[C@@H](CSc1ccccc1)[C@H](O)CN1C[C@H]2CCCC[C@H]2C[C@H]1C(=O)NC(C)(C)C
CHEMBL1206	CCN(CC)C(C)CN1c2ccccc2Sc2ccccc21
CHEMBL1208	CCn1nc(C(=O)O)c(=O)c2cc3c(cc21)OCO3
CHEMBL334966	CSCCNc1nc(SCCC(F)(F)F)nc2c1ncn2[C@@H]1O[C@H](COP(=O)(O)OP(=O)(O)C(Cl)(Cl)P(=O)(O)O)[C@@H](O)[C@H]1O
CHEMBL1214	CC1(C)S[C@@H]2[C@H](NC(=O)C(C(=O)O)c3ccccc3)C(=O)N2[C@H]1C(=O)O
CHEMBL340978	CC(C(=O)O)c1ccc2oc(-c3ccc(Cl)cc3)nc2c1
CHEMBL1215	CNC[C@H](O)c1cccc(O)c1
CHEMBL1218	CCC(=O)NCC[C@@H]1CCc2ccc3c(c21)CCO3
CHEMBL1219	COCCCOc1ccnc(C[S+]([O-])c2nc3ccccc3[nH]2)c1C
CHEMBL1220	CCS(=O)(=O)CCn1c([N+](=O)[O-])cnc1C
CHEMBL1221	Clc1ccc(CSC(Cn2ccnc2)c2ccc(Cl)cc2Cl)cc1
CHEMBL135400	CN1CCN(C(=O)OC2c3nccnc3C(=O)N2c2ccc(Cl)cn2)CC1
CHEMBL1223	CC1(C)S[C@@H]2[C@H](NC(=O)Cc3ccccc3)C(=O)N2[C@H]1C(=O)[O-].[K+]
CHEMBL1224	Cc1ccc(/C(=C\CN2CCCC2)c2cccc(/C=C/C(=O)O)n2)cc1
CHEMBL344159	Cc1ccccc1C(=O)Nc1ccc(C(=O)N2CCCC(O)c3cc(Cl)ccc32)c(C)c1
CHEMBL1228	CCCCC1C(=O)N(c2ccccc2)N(c2ccc(O)cc2)C1=O
CHEMBL1229	CCOC(=O)C1=C[C@@H](OC(CC)CC)[C@H](NC(C)=O)[C@@H](N)C1
CHEMBL139367	CCC(CC)[C@H](NC(C)=O)[C@@H]1[C@H](O)[C@@H](C(=O)O)C[C@H]1NC(=N)N
CHEMBL341812	CC(C)Cc1ccc(CC(=O)O)cc1
CHEMBL1231	CCN(CC)CC#CCOC(=O)C(O)(c1ccccc1)C1CCCCC1
CHEMBL1232	C[C@@H](O)[C@H]1C(=O)N2C(C(=O)[O-])=C(S[C@@H]3CN[C@H](C(=O)Nc4cccc(C(=O)O)c4)C3)[C@H](C)[C@H]12.[Na+]
CHEMBL1233	CCCC(C)(COC(N)=O)COC(=O)NC(C)C
CHEMBL1234	CC(=O)N(O)CCCCCNC(=O)CCC(=O)N(O)CCCCCNC(=O)CCC(=O)N(O)CCCCCN.CS(=O)(=O)O
CHEMBL1237	NCCCC[C@H](N[C@@H](CCc1ccccc1)C(=O)O)C(=O)N1CCC[C@H]1C(=O)O
CHEMBL1238	O=C(O)CCCCCCCC(=O)O
CHEMBL1239	O=C(OCc1ccccc1)c1ccccc1
CHEMBL1240	CC(C)[N+](C)(CCOC(=O)C1c2ccccc2Oc2ccccc21)C(C)C.[Br-]
CHEMBL1241	CN(C)CCN(Cc1ccccc1)c1ccccn1
CHEMBL1242	Nc1ccc(/N=N/c2ccccc2)c(N)n1
CHEMBL141305	CC(=O)Oc1ccc(C(=C2CCCCC2)c2ccc(OC(C)=O)cc2)cc1
CHEMBL139877	NC(=O)NS(=O)(=O)c1ccc(N)cc1
CHEMBL1243	Nc1ccc(S(=O)(=O)NC(=O)c2ccccc2)cc1
CHEMBL142703	N#C[C@@H]1CCCN1C(=O)CNC12CC3CC(CC(O)(C3)C1)C2
CHEMBL1245	CC1(C)C2CCC1(CS(=O)(=O)[O-])C(=O)C2.O=C1N(Cc2ccccc2)C2C[S+]3CCCC3C2N1Cc1ccccc1
CHEMBL142635	COc1ccccc1N1CCN(CC(O)COc2cccc3ccccc23)CC1
CHEMBL1256	FC(F)OC(Cl)C(F)(F)F
CHEMBL142438	N#N
CHEMBL1257	FC(F)OC(F)(F)C(F)Cl
CHEMBL1259	COc1ccc2cc1Oc1cc3c(cc1OC)CC[N+](C)(C)[C@H]3Cc1ccc(cc1)Oc1c(OC)c(OC)cc3c1[C@@H](C2)[N+](C)(C)CC3
CHEMBL1261	O=C(O)CC(O)(CC(=O)O)C(=O)O
CHEMBL144673	CCCCC(CC)CN1CN(CC(CC)CCCC)CC(C)(N)C1
CHEMBL1262	Clc1ccc(CO/N=C(\Cn2ccnc2)c2ccc(Cl)cc2Cl)c(Cl)c1
CHEMBL1263	OCc1cc(C(O)CNCCCCCCOCCCCc2ccccc2)ccc1O
CHEMBL1265	COc1ccc(-c2ccc3cc(C(=O)O)ccc3c2)cc1C12CC3CC(CC(C3)C1)C2
CHEMBL146095	O=C(OCC(O)CO)c1ccccc1Nc1ccnc2cc(Cl)ccc12
CHEMBL1266	c1ccc2c(c1)CCCC2C1=NCCN1
CHEMBL1271	C[N+]1(CCCCC[N+]2(C)CCCC2)CCCC1
CHEMBL1272	CCOc1cc(CC(=O)N[C@@H](CC(C)C)c2ccccc2N2CCCCC2)ccc1C(=O)O
CHEMBL1274	CC1(C)NC(=O)N(c2ccc([N+](=O)[O-])c(C(F)(F)F)c2)C1=O
CHEMBL1275	CCCN1C[C@H](CSC)C[C@@H]2c3cccc4[nH]cc(c34)C[C@H]21.CS(=O)(=O)O
CHEMBL1278	CNS(=O)(=O)CCc1ccc2[nH]cc(C3CCN(C)CC3)c2c1
CHEMBL1279	CN[C@@H]1CCc2[nH]c3ccc(C(N)=O)cc3c2C1
CHEMBL1280	COc1ccc(CCN(C)CCCC(C#N)(c2ccc(OC)c(OC)c2)C(C)C)cc1OC.Cl
CHEMBL149972	CCC1(c2ccccc2)C(=O)N=C([O-])NC1=O.[Na+]
CHEMBL1282	CC(C)Cn1cnc2c(N)nc3ccccc3c21
CHEMBL348000	O=C(O)c1cc(-c2ccccc2)nc2ccccc12
CHEMBL1286	CC[C@@H](C(N)=O)N1CCCC1=O
CHEMBL1289	Clc1cc(Cl)c(OCC#CI)cc1Cl
CHEMBL1290	CC(C)(C)NC[C@H](O)COc1ccccc1C1CCCC1
CHEMBL345524	O=C(OCCN1CCN(c2cccc(C(F)(F)F)c2)CC1)c1ccccc1Nc1ccnc2cc(C(F)(F)F)ccc12
CHEMBL152684	CCOC(=O)C(C)(CC)Oc1ccc(Cc2ccc(Cl)cc2)cc1
CHEMBL1291	CC(=O)Oc1c(C)cc(OCC(O)CNC(C)C)c(C)c1C
CHEMBL1292	CC(C)/N=c1\cc2n(-c3ccc(Cl)cc3)c3ccccc3nc-2cc1Nc1ccc(Cl)cc1
CHEMBL1293	CC1=C(/C=C/C(C)=C/C=C/C(C)=C/C=C/C=C(C)/C=C/C=C(C)/C=C/C2=C(C)CCCC2(C)C)C(C)(C)CCC1
CHEMBL1294	C=C[C@H]1CN2CC[C@H]1C[C@@H]2[C@@H](O)c1ccnc2ccc(OC)cc12
CHEMBL1295	Clc1ccc(CCC(Cn2ccnc2)Sc2c(Cl)cccc2Cl)cc1
CHEMBL1296	CN(C)CCn1nnnc1SCC1=C(C(=O)O)N2C(=O)[C@@H](NC(=O)Cc3csc(N)n3)[C@H]2SC1
CHEMBL1297	CC(C(=O)O)c1cccc(Oc2ccccc2)c1
CHEMBL345714	Cc1cnc(C(=O)O)c[n+]1[O-]
CHEMBL157101	CC(=O)N1CCN(c2ccc(OCC3COC(Cn4ccnc4)(c4ccc(Cl)cc4Cl)O3)cc2)CC1
CHEMBL170	C=C[C@H]1CN2CC[C@H]1C[C@H]2[C@H](O)c1ccnc2ccc(OC)cc12
CHEMBL346235	CCN(CC)CCOc1ccc2nc(N(C)C)sc2c1.Cl.Cl
CHEMBL1301	N=C(N)c1ccc(/C=C/c2ccc(C(=N)N)cc2O)cc1
CHEMBL1303	CCCN(CCc1cccs1)[C@H]1CCc2c(O)cccc2C1
CHEMBL349803	NS(=O)(=O)c1cc(C(=O)O)cc(N2CCCC2)c1Oc1ccccc1
CHEMBL1305	c1ccc(CN(CC2=NCCN2)c2ccccc2)cc1
CHEMBL1308	Cc1cn[nH]c1
CHEMBL1311	O=[N+]([O-])O[C@@H]1CO[C@H]2[C@@H]1OC[C@@H]2O
CHEMBL1314	CC(S)C(=O)NCC(=O)O
CHEMBL1316	CC(C(=O)O)c1ccc2c(c1)[nH]c1ccc(Cl)cc12
CHEMBL159226	CC(=O)Oc1cc(C(C)C)c(OCCN(C)C)cc1C
CHEMBL1321	CNNCc1ccc(C(=O)NC(C)C)cc1
CHEMBL1323	CC(C)CN(C[C@@H](O)[C@H](Cc1ccccc1)NC(=O)O[C@H]1CO[C@H]2OCC[C@H]21)S(=O)(=O)c1ccc(N)cc1
CHEMBL1324	Cc1ccc(C(=O)c2cc(O)c(O)c([N+](=O)[O-])c2)cc1
CHEMBL162036	CC(=O)Nc1ccc(OC(=O)c2ccccc2OC(C)=O)cc1
CHEMBL1328	CSCC[C@H](NC(=O)[C@H](Cc1c[nH]c2ccccc12)NC(=O)CCNC(=O)OC(C)(C)C)C(=O)N[C@@H](CC(=O)O)C(=O)N[C@@H](Cc1ccccc1)C(N)=O
CHEMBL1336	CNC(=O)c1cc(Oc2ccc(NC(=O)Nc3ccc(Cl)c(C(F)(F)F)c3)cc2)ccn1
CHEMBL168815	CC1OC2(CS1)CN1CCC2CC1
CHEMBL167731	NCCNc1ccc(NCCN)c2c1C(=O)c1ccncc1C2=O
CHEMBL1337	O=C1CCCC(=O)C1C(=O)c1ccc(C(F)(F)F)cc1[N+](=O)[O-]
CHEMBL170988	N=C(N)NC(=N)NCCc1ccccc1
CHEMBL169901	N=C(N)N1CCc2ccccc2C1
CHEMBL354077	Nc1ccncc1N
CHEMBL354541	O=C(NC1CCN(CCCCC2(C(=O)NCC(F)(F)F)c3ccccc3-c3ccccc32)CC1)c1ccccc1-c1ccc(C(F)(F)F)cc1
CHEMBL1339	CCCc1nc(C)c2c(O)nc(-c3cc(S(=O)(=O)N4CCN(CC)CC4)ccc3OCC)nn12.Cl
CHEMBL1341	COC(F)(F)C(Cl)Cl
CHEMBL1342	O=C(O)CCCO
CHEMBL1345	N=C(N)NCCN1CCCCCCC1.O=S(=O)(O)O
CHEMBL1346	NC(=O)C(c1ccccc1)(c1ccccc1)[C@@H]1CCN(CCc2ccc3c(c2)CCO3)C1
CHEMBL175247	CCCCCCCCCCC[C@@H](C[C@@H]1OC(=O)[C@H]1CCCCCC)OC(=O)[C@H](CC(C)C)NC=O
CHEMBL177367	O=[N+]([O-])[O-].[Ag+]
CHEMBL175691	Cc1cc(/C=C/C#N)cc(C)c1Nc1ccnc(Nc2ccc(C#N)cc2)n1
CHEMBL1349	CC(C)[C@H](N)C(=O)OCCOCn1cnc2c(=O)nc(N)[nH]c21
CHEMBL539423	CCCCC1=NC2(CCCC2)C(=O)N1Cc1ccc(-c2ccccc2S(=O)(=O)Nc2noc(C)c2C)c(COCC)c1
CHEMBL180022	CCOc1cc2ncc(C#N)c(Nc3ccc(OCc4ccccn4)c(Cl)c3)c2cc1NC(=O)/C=C/CN(C)C
CHEMBL1350	O=P(O)(O)C(Sc1ccc(Cl)cc1)P(=O)(O)O
CHEMBL178803	CCN1CCN(c2cc(-c3ccc(F)cc3)c3c(n2)CCCCCC3)CC1
CHEMBL360328	C[C@H]1CNCCc2ccc(Cl)cc21
CHEMBL361812	O=C(O)CCn1c2c(c3ccccc31)C[C@H](NS(=O)(=O)c1ccc(F)cc1)CC2
