819776	APC	NM_000038.6(APC):c.1668T>C (p.Asp556=)	Benign/Likely benign	criteria provided, multiple submitters, no conflicts	5	112828897	T	C
994378	MAP3K14	NM_003954.5(MAP3K14):c.2520C>T (p.Ser840=)	Likely benign	criteria provided, multiple submitters, no conflicts	17	45266595	G	A
4676043	PTCH1	NM_000264.5(PTCH1):c.1923C>T (p.Pro641=)	Likely benign	criteria provided, single submitter	9	95469078	G	A
840612	GRIN2B	NM_000834.5(GRIN2B):c.3685G>A (p.Val1229Met)	Benign	criteria provided, single submitter	12	13563553	C	T
1989712	NUP85	NM_024844.5(NUP85):c.361+18G>A	Likely benign	criteria provided, single submitter	17	75212080	G	A
506337	BRCA2	NM_000059.4(BRCA2):c.1356A>C (p.Leu452=)	Likely benign	criteria provided, multiple submitters, no conflicts	13	32332834	A	C
761369	PLCB1	NM_015192.4(PLCB1):c.3321G>A (p.Val1107=)	Likely benign	criteria provided, single submitter	20	8789560	G	A
724532	KIF11	NM_004523.4(KIF11):c.108C>T (p.Ser36=)	Likely benign	criteria provided, single submitter	10	92606295	C	T
4684175	WDR81	NM_001163809.2(WDR81):c.4614C>T (p.Thr1538=)	Benign	criteria provided, single submitter	17	1733651	C	T
1674818	NTRK2	NM_006180.6(NTRK2):c.1260A>G (p.Thr420=)	Benign	criteria provided, multiple submitters, no conflicts	9	84745037	A	G
2927405	HADHA	NM_000182.5(HADHA):c.453+14A>T	Likely benign	criteria provided, single submitter	2	26234203	T	A
3041367	DCHS2	NM_001358235.2(DCHS2):c.1026G>T (p.Gly342=)	Benign	no assertion criteria provided	4	154490330	C	A
1264883	DUOX2	NM_001363711.2(DUOX2):c.3005+141C>T	Benign	criteria provided, multiple submitters, no conflicts	15	45100614	G	A
880954	KRT2	NM_000423.3(KRT2):c.1698C>T (p.Gly566=)	Benign	criteria provided, single submitter	12	52645241	G	A
4852756	COL6A3	NM_004369.4(COL6A3):c.7163-5T>C	Likely benign	criteria provided, single submitter	2	237344957	A	G
1622715	A2ML1	NM_144670.6(A2ML1):c.1248+12C>T	Likely benign	criteria provided, single submitter	12	8841548	C	T
1747941	CSRP3	NM_003476.5(CSRP3):c.54C>T (p.Tyr18=)	Likely benign	criteria provided, single submitter	11	19192395	G	A
1739360	APC	NM_000038.6(APC):c.4281T>C (p.Pro1427=)	Likely benign	criteria provided, single submitter	5	112839875	T	C
3756650	RELN	NM_005045.4(RELN):c.4747+18C>G	Likely benign	criteria provided, single submitter	7	103566583	G	C
1895890	CACNA1B	NM_000718.4(CACNA1B):c.3363C>T (p.Pro1121=)	Likely benign	criteria provided, single submitter	9	138043850	C	T
2179670	AIFM1	NM_004208.4(AIFM1):c.310C>T (p.Leu104=)	Likely benign	criteria provided, single submitter	X	130149508	G	A
2794200	ACAN	NM_001369268.1(ACAN):c.7422C>A (p.Leu2474=)	Likely benign	criteria provided, single submitter	15	88873000	C	A
4821468	MFF	NM_001277062.2(MFF):c.561A>G (p.Ala187=)	Likely benign	criteria provided, single submitter	2	227347346	A	G
1757418	LRRK2	NM_198578.4(LRRK2):c.7158A>G (p.Leu2386=)	Likely benign	criteria provided, single submitter	12	40363531	A	G
1286416	IDH3A	NM_005530.3(IDH3A):c.175-138C>T	Benign	criteria provided, multiple submitters, no conflicts	15	78159954	C	T
722516	NF1	NM_001042492.3(NF1):c.6942C>T (p.Ala2314=)	Likely benign	criteria provided, multiple submitters, no conflicts	17	31340525	C	T
1099586	ADGRV1	NM_032119.4(ADGRV1):c.14043+14T>C	Likely benign	criteria provided, single submitter	5	90789865	T	C
921801	APOB	NM_000384.3(APOB):c.3231C>T (p.Leu1077=)	Likely benign	criteria provided, multiple submitters, no conflicts	2	21016540	G	A
3097930	AHCTF1	NM_001323342.2(AHCTF1):c.791A>G (p.Gln264Arg)	Likely benign	criteria provided, single submitter	1	246905631	T	C
203642	BTD	NM_001370658.1(BTD):c.1552C>A (p.Arg518Ser)	Pathogenic/Likely pathogenic	criteria provided, multiple submitters, no conflicts	3	15645468	C	A
3624283	S1PR2	NM_004230.4(S1PR2):c.906G>A (p.Pro302=)	Likely benign	criteria provided, single submitter	19	10224000	C	T
547941	TBX4	NM_001321120.2(TBX4):c.702+1G>A	Pathogenic/Likely pathogenic	criteria provided, multiple submitters, no conflicts	17	61478780	G	A
2772937	ITGB4	NM_000213.5(ITGB4):c.1608C>A (p.Cys536Ter)	Pathogenic	criteria provided, single submitter	17	75733643	C	A
7344	HRURF	NC_000008.11:g.22130605T>C	Pathogenic	no assertion criteria provided	8	22130605	T	C
2203641	LIFR	NM_001127671.2(LIFR):c.1865C>T (p.Ala622Val)	Likely pathogenic	criteria provided, multiple submitters, no conflicts	5	38496402	G	A
1072330	EPG5	NM_020964.3(EPG5):c.2662A>T (p.Lys888Ter)	Pathogenic	criteria provided, single submitter	18	45925794	T	A
1935017	ERCC8	NM_000082.4(ERCC8):c.350C>G (p.Ser117Ter)	Pathogenic	criteria provided, single submitter	5	60918314	G	C
3592561	CPLANE1	NM_001384732.1(CPLANE1):c.1121+1G>T	Likely pathogenic	criteria provided, single submitter	5	37230866	C	A
4793467	TTN	NM_001267550.2(TTN):c.54956G>A (p.Trp18319Ter)	Likely pathogenic	criteria provided, single submitter	2	178602446	C	T
3772687	WDR26	NM_001379403.1(WDR26):c.1944+5G>A	Pathogenic	criteria provided, single submitter	1	224398510	C	T
555198	CLN8	NM_018941.4(CLN8):c.283A>T (p.Lys95Ter)	Pathogenic	criteria provided, single submitter	8	1771337	A	T
3256942	TONSL	NM_013432.5(TONSL):c.262C>T (p.Gln88Ter)	Likely pathogenic	criteria provided, single submitter	8	144443884	G	A
1208312	CTNNB1	NM_001904.4(CTNNB1):c.1081+1G>T	Pathogenic/Likely pathogenic	criteria provided, multiple submitters, no conflicts	3	41227353	G	T
375387	FBXL4	NM_001278716.2(FBXL4):c.419T>C (p.Val140Ala)	Pathogenic/Likely pathogenic	criteria provided, multiple submitters, no conflicts	6	98926570	A	G
3779981	MUTYH	NM_001048174.2(MUTYH):c.914-13T>G	Likely pathogenic	criteria provided, single submitter	1	45331862	A	C
2041949	OCRL	NM_000276.4(OCRL):c.943C>T (p.Gln315Ter)	Pathogenic	criteria provided, single submitter	X	129562387	C	T
3601301	MYO15A	NM_016239.4(MYO15A):c.10351-1G>C	Likely pathogenic	criteria provided, single submitter	17	18173780	G	C
1685350	HSPG2	NM_005529.7(HSPG2):c.9514-1G>A	Likely pathogenic	criteria provided, single submitter	1	21840018	C	T
522772	GNAT2	NM_001377295.2(GNAT2):c.481C>T (p.Arg161Ter)	Pathogenic	criteria provided, multiple submitters, no conflicts	1	109606417	G	A
373176	ASPM	NM_018136.5(ASPM):c.2409G>A (p.Trp803Ter)	Pathogenic	criteria provided, single submitter	1	197133360	C	T
1566169	GRHPR	NM_012203.2(GRHPR):c.705G>A (p.Lys235=)	Likely benign	criteria provided, single submitter	9	37430617	G	A
230403	APC	NM_000038.6(APC):c.4074G>T (p.Ala1358=)	Benign/Likely benign	criteria provided, multiple submitters, no conflicts	5	112839668	G	T
1591228	RECQL	NM_002907.4(RECQL):c.291T>G (p.Leu97=)	Likely benign	criteria provided, multiple submitters, no conflicts	12	21490302	A	C
4749280	HUWE1	NM_031407.7(HUWE1):c.10812A>T (p.Val3604=)	Likely benign	criteria provided, single submitter	X	53546539	T	A
3682322	TYRP1	NM_000550.3(TYRP1):c.1261+16A>T	Likely benign	criteria provided, single submitter	9	12704721	A	T
726592	FAT1	NM_005245.4(FAT1):c.7485C>T (p.Asn2495=)	Likely benign	criteria provided, single submitter	4	186619101	G	A
2166410	PHIP	NM_017934.7(PHIP):c.4953T>C (p.Ser1651=)	Likely benign	criteria provided, single submitter	6	78941206	A	G
2977786	RNF13	NM_183381.3(RNF13):c.670A>G (p.Lys224Glu)	Benign	criteria provided, single submitter	3	149921197	A	G
2587442	DPYD	NM_000110.4(DPYD):c.1554G>A (p.Lys518=)	Likely benign	criteria provided, single submitter	1	97515912	C	T
2118738	CPT2	NM_000098.3(CPT2):c.75C>G (p.Leu25=)	Likely benign	criteria provided, single submitter	1	53197018	C	G
1937170	CPT1A	NM_001876.4(CPT1A):c.2292G>A (p.Leu764=)	Likely benign	criteria provided, single submitter	11	68757674	C	T
2998984	ATP7B	NM_000053.4(ATP7B):c.2959C>T (p.Leu987=)	Likely benign	criteria provided, single submitter	13	51946385	G	A
4123043	NSL1	NM_015471.4(NSL1):c.504T>A (p.Pro168=)	Likely benign	criteria provided, single submitter	1	212739597	A	T
2978059	DCHS1	NM_003737.4(DCHS1):c.3192C>T (p.Ala1064=)	Likely benign	criteria provided, single submitter	11	6632320	G	A
1568199	COL7A1	NM_000094.4(COL7A1):c.267-10C>T	Likely benign	criteria provided, single submitter	3	48593706	G	A
1898087	LAMC3	NM_006059.4(LAMC3):c.3069+7C>T	Likely benign	criteria provided, single submitter	9	131069857	C	T
3449872	SSTR2	NM_001050.3(SSTR2):c.11C>T (p.Ala4Val)	Likely benign	criteria provided, single submitter	17	73169330	C	T
1665126	PNPT1	NM_033109.5(PNPT1):c.36G>T (p.Arg12=)	Likely benign	criteria provided, single submitter	2	55693788	C	A
2171585	KIF1A	NM_001244008.2(KIF1A):c.1037+18A>G	Likely benign	criteria provided, single submitter	2	240774165	T	C
1148434	TTN	NM_001267550.2(TTN):c.98820C>T (p.Ser32940=)	Likely benign	criteria provided, multiple submitters, no conflicts	2	178539115	G	A
4210144	ZNF551	NM_138347.5(ZNF551):c.1565G>A (p.Arg522Gln)	Likely benign	criteria provided, single submitter	19	57687840	G	A
1795612	PALB2	NM_024675.4(PALB2):c.1113A>G (p.Glu371=)	Likely benign	criteria provided, single submitter	16	23635433	T	C
1203638	COL4A4	NM_000092.5(COL4A4):c.2546-311A>G	Likely benign	criteria provided, single submitter	2	227056426	T	C
3053567	APOO	NM_024122.5(APOO):c.43A>T (p.Ser15Cys)	Likely benign	no assertion criteria provided	X	23880919	T	A
4084219	HK2	NM_000189.5(HK2):c.1710C>T (p.Thr570=)	Likely benign	criteria provided, single submitter	2	74881850	C	T
1096779	TSC2	NM_000548.5(TSC2):c.816C>T (p.Ala272=)	Likely benign	criteria provided, single submitter	16	2057146	C	T
4732574	ADGRV1	NM_032119.4(ADGRV1):c.5443+9G>A	Likely benign	criteria provided, single submitter	5	90676218	G	A
3354722	IFT172	NM_015662.3(IFT172):c.2607G>A (p.Gln869=)	Likely benign	no assertion criteria provided	2	27459744	C	T
2865948	DUOX2	NM_001363711.2(DUOX2):c.1926A>C (p.Ala642=)	Likely benign	criteria provided, single submitter	15	45106547	T	G
3015404	DYNC2H1	NM_001377.3(DYNC2H1):c.12649-16T>C	Likely benign	criteria provided, single submitter	11	103468573	T	C
4730261	KMT2C	NM_170606.3(KMT2C):c.13509C>A (p.Cys4503Ter)	Pathogenic	criteria provided, single submitter	7	152148418	G	T
646221	FBN1	NM_000138.5(FBN1):c.3173G>A (p.Gly1058Asp)	Pathogenic	criteria provided, single submitter	15	48488403	C	T
2132773	ABCA4	NM_000350.3(ABCA4):c.1919C>G (p.Pro640Arg)	Likely pathogenic	criteria provided, single submitter	1	94062595	G	C
3572937	AR	NM_000044.6(AR):c.1828A>G (p.Lys610Glu)	Likely pathogenic	criteria provided, single submitter	X	67686069	A	G
140513	ZMPSTE24	NM_005857.5(ZMPSTE24):c.1204-1G>A	Pathogenic	criteria provided, multiple submitters, no conflicts	1	40292444	G	A
372503	SH3BP2	NM_001122681.2(SH3BP2):c.1258G>A (p.Gly420Arg)	Pathogenic	criteria provided, multiple submitters, no conflicts	4	2831587	G	A
1751705	FBN1	NM_000138.5(FBN1):c.6119G>T (p.Cys2040Phe)	Likely pathogenic	criteria provided, single submitter	15	48441765	C	A
55950	AGA	NM_000027.4(AGA):c.677G>A (p.Gly226Asp)	Pathogenic/Likely pathogenic	criteria provided, multiple submitters, no conflicts	4	177436297	C	T
17762	SLC4A1	NM_000342.3(SLC4A1):c.448C>T (p.Arg150Ter)	Pathogenic	criteria provided, multiple submitters, no conflicts	17	44260441	G	A
36468	LHCGR	NM_000233.4(LHCGR):c.1732G>T (p.Asp578Tyr)	Likely pathogenic	criteria provided, single submitter	2	48688065	C	A
423710	COL1A2	NM_000089.4(COL1A2):c.1702G>A (p.Gly568Ser)	Pathogenic/Likely pathogenic	criteria provided, multiple submitters, no conflicts	7	94414258	G	A
2682476	CFTR	NM_000492.4(CFTR):c.2486T>A (p.Leu829Ter)	Pathogenic	criteria provided, single submitter	7	117592653	T	A
2678884	SLC26A2	NM_000112.4(SLC26A2):c.294G>A (p.Trp98Ter)	Pathogenic/Likely pathogenic	criteria provided, multiple submitters, no conflicts	5	149977946	G	A
802479	GALT	NM_000155.4(GALT):c.2T>C (p.Met1Thr)	Pathogenic/Likely pathogenic	criteria provided, multiple submitters, no conflicts	9	34646706	T	C
2584120	CHEK2	NM_007194.4(CHEK2):c.320-1G>A	Likely pathogenic	criteria provided, single submitter	22	28725368	C	T
424262	PTEN	NM_000314.8(PTEN):c.113C>G (p.Pro38Arg)	Pathogenic	criteria provided, single submitter	10	87894058	C	G
1693473	KCNC2	NM_139137.4(KCNC2):c.404A>G (p.Glu135Gly)	Pathogenic	no assertion criteria provided	12	75207580	T	C
4957227	VPS13D	NM_015378.4(VPS13D):c.957G>A (p.Trp319Ter)	Likely pathogenic	criteria provided, single submitter	1	12257950	G	A
3759434	STAT3	NM_139276.3(STAT3):c.1979T>G (p.Met660Arg)	Likely pathogenic	criteria provided, single submitter	17	42322404	A	C
56210	PPT1	NM_000310.4(PPT1):c.665T>C (p.Leu222Pro)	Pathogenic/Likely pathogenic	criteria provided, multiple submitters, no conflicts	1	40078621	A	G
16058	GLRB	NM_000824.5(GLRB):c.752G>A (p.Gly251Asp)	Pathogenic	no assertion criteria provided	4	157143807	G	A
552773	ASS1	NM_054012.4(ASS1):c.931C>T (p.Gln311Ter)	Pathogenic	criteria provided, multiple submitters, no conflicts	9	130489425	C	T
8570	NR3C2	NM_000901.5(NR3C2):c.2024C>G (p.Ser675Ter)	Pathogenic	no assertion criteria provided	4	148154892	G	C
2421378	CLCN7	NM_001287.6(CLCN7):c.1962G>A (p.Thr654=)	Likely benign	criteria provided, single submitter	16	1448406	C	T
1179104	MOCOS	NM_017947.4(MOCOS):c.1335+1G>T	Likely pathogenic	criteria provided, single submitter	18	36213483	G	T
374224	AUTS2	NM_015570.4(AUTS2):c.1605C>G (p.His535Gln)	Likely pathogenic	no assertion criteria provided	7	70766250	C	G
2582748	COL4A4	NM_000092.5(COL4A4):c.4523-1G>A	Pathogenic	no assertion criteria provided	2	227008305	C	T
1599414	HTT	NM_001388492.1(HTT):c.8175A>C (p.Thr2725=)	Benign/Likely benign	criteria provided, multiple submitters, no conflicts	4	3229952	A	C
4896074	DDC	NM_001082971.2(DDC):c.1141-2A>G	Likely pathogenic	criteria provided, single submitter	7	50467317	T	C
872141	CCDC39	NM_181426.2(CCDC39):c.139G>T (p.Glu47Ter)	Pathogenic	criteria provided, single submitter	3	180663938	C	A
1300209	UBIAD1	NM_013319.3(UBIAD1):c.718G>A (p.Asp240Asn)	Likely pathogenic	criteria provided, single submitter	1	11285832	G	A
1594339	FLNA	NM_001110556.2(FLNA):c.5557+17T>C	Likely benign	criteria provided, multiple submitters, no conflicts	X	154354134	A	G
2954274	FBN1	NM_000138.5(FBN1):c.8058T>A (p.Cys2686Ter)	Pathogenic	criteria provided, single submitter	15	48412737	A	T
2572483	KCNQ2	NM_172107.4(KCNQ2):c.923C>T (p.Pro308Leu)	Pathogenic/Likely pathogenic	criteria provided, multiple submitters, no conflicts	20	63439602	G	A
163403	EMD	NM_000117.3(EMD):c.266-2A>G	Pathogenic	criteria provided, multiple submitters, no conflicts	X	154380232	A	G
3761566	TTN	NM_001267550.2(TTN):c.96951T>C (p.His32317=)	Likely benign	criteria provided, single submitter	2	178542903	A	G
1437576	AIP	NM_003977.4(AIP):c.553G>T (p.Glu185Ter)	Pathogenic	criteria provided, single submitter	11	67490122	G	T
975120	RPGR	NM_001034853.2(RPGR):c.2865G>A (p.Trp955Ter)	Pathogenic	criteria provided, multiple submitters, no conflicts	X	38286134	C	T
3643605	DICER1	NM_177438.3(DICER1):c.4207-1G>C	Likely pathogenic	criteria provided, single submitter	14	95096714	C	G
2969820	TF	NM_001063.4(TF):c.1331-4G>T	Likely benign	criteria provided, single submitter	3	133766274	G	T
4794760	TTN	NM_001267550.2(TTN):c.45550C>T (p.Gln15184Ter)	Likely pathogenic	criteria provided, single submitter	2	178621168	G	A
1687539	PCCB	NM_000532.5(PCCB):c.1196C>G (p.Pro399Arg)	Pathogenic/Likely pathogenic	criteria provided, multiple submitters, no conflicts	3	136326908	C	G
2850672	AAAS	NM_015665.6(AAAS):c.1088-2A>G	Likely pathogenic	criteria provided, single submitter	12	53308530	T	C
2767990	CLN6	NM_017882.3(CLN6):c.753G>A (p.Lys251=)	Likely benign	criteria provided, single submitter	15	68208323	C	T
3594941	PEX1	NM_000466.3(PEX1):c.1239+2T>A	Likely pathogenic	criteria provided, single submitter	7	92517274	A	T
708	GALNS	NM_000512.5(GALNS):c.901G>T (p.Gly301Cys)	Pathogenic	criteria provided, multiple submitters, no conflicts	16	88832099	C	A
189573	CDKL5	NM_001323289.2(CDKL5):c.2494C>T (p.Gln832Ter)	Pathogenic	criteria provided, single submitter	X	18625245	C	T
1214320	COL4A5	NM_033380.3(COL4A5):c.385-102A>G	Likely benign	criteria provided, single submitter	X	108571311	A	G
2778153	MYO7A	NM_000260.4(MYO7A):c.1324G>A (p.Glu442Lys)	Pathogenic/Likely pathogenic	criteria provided, multiple submitters, no conflicts	11	77161096	G	A
3148101	ATM	NM_000051.4(ATM):c.4909+2T>C	Pathogenic/Likely pathogenic	criteria provided, multiple submitters, no conflicts	11	108295061	T	C
265395	PEX1	NM_000466.3(PEX1):c.2614C>T (p.Arg872Ter)	Pathogenic	criteria provided, multiple submitters, no conflicts	7	92499808	G	A
2419614	ARID1A	NM_006015.6(ARID1A):c.6192C>T (p.Leu2064=)	Likely benign	criteria provided, single submitter	1	26780090	C	T
3341313	RFC1	NM_002913.5(RFC1):c.2111-1G>C	Likely pathogenic	criteria provided, single submitter	4	39303152	C	G
3720924	DCLRE1C	NM_001033855.3(DCLRE1C):c.1A>G (p.Met1Val)	Likely pathogenic	criteria provided, single submitter	10	14954010	T	C
585514	COL4A1	NM_001845.6(COL4A1):c.3236G>A (p.Gly1079Glu)	Likely pathogenic	criteria provided, single submitter	13	110174712	C	T
1266462	ANO7	NM_001370694.2(ANO7):c.2610G>A (p.Thr870=)	Benign	criteria provided, multiple submitters, no conflicts	2	241224123	G	A
16177	GFAP	NM_002055.5(GFAP):c.827G>T (p.Arg276Leu)	Pathogenic	criteria provided, single submitter	17	44911751	C	A
3601604	CDH23	NM_022124.6(CDH23):c.7922A>G (p.Asp2641Gly)	Likely pathogenic	criteria provided, single submitter	10	71805855	A	G
4784376	ACTC1	NM_005159.5(ACTC1):c.468C>T (p.Asp156=)	Likely benign	criteria provided, single submitter	15	34792556	G	A
2137497	RB1	NM_000321.3(RB1):c.1355T>A (p.Leu452Ter)	Pathogenic	criteria provided, single submitter	13	48379616	T	A
3687299	PLAA	NM_001031689.3(PLAA):c.1300T>C (p.Leu434=)	Likely benign	criteria provided, single submitter	9	26919427	A	G
2096045	ARHGEF1	NM_004706.4(ARHGEF1):c.-19-4C>T	Likely benign	criteria provided, single submitter	19	41888060	C	T
3749834	SDHB	NM_003000.3(SDHB):c.129C>T (p.Ala43=)	Likely benign	criteria provided, multiple submitters, no conflicts	1	17044832	G	A
2703723	HPS5	NM_181507.2(HPS5):c.2952-20C>T	Likely benign	criteria provided, single submitter	11	18283921	G	A
1043467	RELN	NM_005045.4(RELN):c.5042G>A (p.Ser1681Asn)	Likely benign	criteria provided, single submitter	7	103565446	C	T
929045	MSH2	NM_000251.3(MSH2):c.1713A>G (p.Glu571=)	Benign/Likely benign	criteria provided, multiple submitters, no conflicts	2	47471016	A	G
1249154	GSTP1	NC_000011.10:g.67583528C>A	Benign	criteria provided, multiple submitters, no conflicts	11	67583528	C	A
1115492	CHRNE	NM_000080.4(CHRNE):c.588A>C (p.Thr196=)	Likely benign	criteria provided, single submitter	17	4901538	T	G
1214504	MYH14	NM_001145809.2(MYH14):c.1656+299A>G	Likely benign	criteria provided, single submitter	19	50250122	A	G
2824230	EGR2	NM_000399.5(EGR2):c.712C>T (p.Leu238=)	Likely benign	criteria provided, single submitter	10	62813926	G	A
2082300	VPS45	NM_007259.5(VPS45):c.289+19T>C	Likely benign	criteria provided, single submitter	1	150072245	T	C
2849906	EPG5	NM_020964.3(EPG5):c.2511C>A (p.Val837=)	Likely benign	criteria provided, single submitter	18	45928911	G	T
1936883	RTN4IP1	NM_032730.5(RTN4IP1):c.39A>G (p.Ala13=)	Likely benign	criteria provided, single submitter	6	106628983	T	C
3603487	POLG	NM_002693.3(POLG):c.856-18T>C	Likely benign	criteria provided, single submitter	15	89329128	A	G
2908566	PNPO	NM_018129.4(PNPO):c.138+14G>A	Likely benign	criteria provided, single submitter	17	47941827	G	A
1566157	SZT2	NM_001365999.1(SZT2):c.3825C>T (p.Pro1275=)	Likely benign	criteria provided, single submitter	1	43428024	C	T
1593120	TBL1XR1	NM_024665.7(TBL1XR1):c.318A>G (p.Gln106=)	Likely benign	criteria provided, multiple submitters, no conflicts	3	177051613	T	C
3223007	ATM	NM_000051.4(ATM):c.7659C>G (p.Pro2553=)	Likely benign	criteria provided, single submitter	11	108331908	C	G
2003467	GBE1	NM_000158.4(GBE1):c.555+10A>G	Likely benign	criteria provided, single submitter	3	81649786	T	C
2146929	CWC27	NM_005869.4(CWC27):c.1120C>T (p.Gln374Ter)	Pathogenic/Likely pathogenic	criteria provided, multiple submitters, no conflicts	5	64971780	C	T
1781960	PALLD	NM_001166108.2(PALLD):c.1885A>G (p.Ser629Gly)	Likely benign	criteria provided, single submitter	4	168711844	A	G
4072447	GPR143	NM_000273.3(GPR143):c.241G>C (p.Gly81Arg)	Pathogenic/Likely pathogenic	criteria provided, multiple submitters, no conflicts	X	9765577	C	G
2635411	SLC26A3	NM_000111.3(SLC26A3):c.1416G>A (p.Trp472Ter)	Likely pathogenic	criteria provided, single submitter	7	107778273	C	T
982699	PIK3R1	NM_181523.3(PIK3R1):c.661C>T (p.Gln221Ter)	Pathogenic	criteria provided, single submitter	5	68280554	C	T
633404	SACS	NM_014363.6(SACS):c.9670C>T (p.Arg3224Ter)	Pathogenic/Likely pathogenic	criteria provided, multiple submitters, no conflicts	13	23334206	G	A
1042910	NF1	NM_001042492.3(NF1):c.8210C>A (p.Ala2737Asp)	Likely pathogenic	criteria provided, single submitter	17	31360536	C	A
3362522	PKD1	NM_001009944.3(PKD1):c.5255G>A (p.Trp1752Ter)	Pathogenic	criteria provided, multiple submitters, no conflicts	16	2109912	C	T
3720874	GLDC	NM_000170.3(GLDC):c.2680A>G (p.Thr894Ala)	Pathogenic/Likely pathogenic	criteria provided, multiple submitters, no conflicts	9	6536222	T	C
3588954	CCDC39	NM_181426.2(CCDC39):c.1855C>T (p.Gln619Ter)	Likely pathogenic	criteria provided, single submitter	3	180642012	G	A
4890099	GALNT3	NM_004482.4(GALNT3):c.3G>T (p.Met1Ile)	Likely pathogenic	criteria provided, single submitter	2	165770698	C	A
4890303	CNGA3	NM_001298.3(CNGA3):c.1591G>A (p.Ala531Thr)	Likely pathogenic	criteria provided, single submitter	2	98396761	G	A
520546	COL27A1	NM_032888.4(COL27A1):c.3062G>A (p.Gly1021Asp)	Likely pathogenic	criteria provided, single submitter	9	114252621	G	A
3687334	RUNX2	NM_001024630.4(RUNX2):c.1200C>A (p.Tyr400Ter)	Pathogenic	criteria provided, single submitter	6	45546939	C	A
1775337	MSH6	NM_000179.3(MSH6):c.1564C>T (p.Gln522Ter)	Pathogenic	criteria provided, multiple submitters, no conflicts	2	47799547	C	T
1066981	CHM	NM_000390.4(CHM):c.820-8T>G	Likely pathogenic	criteria provided, single submitter	X	85957983	A	C
1356646	RTTN	NM_173630.4(RTTN):c.673C>T (p.Gln225Ter)	Pathogenic/Likely pathogenic	criteria provided, multiple submitters, no conflicts	18	70197644	G	A
950563	TTN	NM_001267550.2(TTN):c.55117C>T (p.Gln18373Ter)	Likely pathogenic	criteria provided, single submitter	2	178602285	G	A
279913	TP63	NM_003722.5(TP63):c.1027C>T (p.Arg343Trp)	Pathogenic	criteria provided, multiple submitters, no conflicts	3	189868614	C	T
2735892	AAAS	NM_015665.6(AAAS):c.479A>G (p.His160Arg)	Pathogenic/Likely pathogenic	criteria provided, multiple submitters, no conflicts	12	53314817	T	C
202389	TTN	NM_001267550.2(TTN):c.53355G>A (p.Trp17785Ter)	Pathogenic/Likely pathogenic	criteria provided, multiple submitters, no conflicts	2	178607247	C	T
1202066	DDR2	NM_006182.4(DDR2):c.83-129A>G	Likely benign	criteria provided, multiple submitters, no conflicts	1	162752966	A	G
2921385	AR	NM_000044.6(AR):c.1635C>T (p.Asp545=)	Likely benign	criteria provided, single submitter	X	67643274	C	T
4762440	ITGAM	NM_000632.4(ITGAM):c.2838T>C (p.Asn946=)	Likely benign	criteria provided, single submitter	16	31329273	T	C
3723663	KMT2A	NM_001197104.2(KMT2A):c.321G>T (p.Arg107=)	Likely benign	criteria provided, single submitter	11	118436833	G	T
2464552	BUB1	NM_004336.5(BUB1):c.423G>A (p.Arg141=)	Likely benign	criteria provided, single submitter	2	110670568	C	T
1619420	TTN	NM_001267550.2(TTN):c.88473T>C (p.Asn29491=)	Likely benign	criteria provided, single submitter	2	178554986	A	G
679647	TCTN3	NM_015631.6(TCTN3):c.889-89A>C	Likely benign	criteria provided, single submitter	10	95685725	T	G
1431140	CHMP2B	NM_014043.4(CHMP2B):c.315A>G (p.Thr105=)	Likely benign	criteria provided, single submitter	3	87245902	A	G
2658443	ZDHHC2	NM_016353.5(ZDHHC2):c.85C>T (p.Leu29=)	Likely benign	criteria provided, single submitter	8	17156808	C	T
1570431	MAN2B1	NM_000528.4(MAN2B1):c.910-4G>T	Likely benign	criteria provided, single submitter	19	12661380	C	A
3017445	AXIN2	NM_004655.4(AXIN2):c.1329G>A (p.Leu443=)	Likely benign	criteria provided, single submitter	17	65537707	C	T
1582796	TTN	NM_001267550.2(TTN):c.66291C>T (p.Thr22097=)	Likely benign	criteria provided, single submitter	2	178582078	G	A
1078371	RECQL4	NM_004260.4(RECQL4):c.119-9C>T	Likely benign	criteria provided, single submitter	8	144517517	G	A
2578854	KCNK12	NM_022055.2(KCNK12):c.598C>T (p.Leu200Phe)	Likely benign	criteria provided, single submitter	2	47521602	G	A
786216	GRIK4	NM_014619.5(GRIK4):c.654C>T (p.His218=)	Benign	criteria provided, multiple submitters, no conflicts	11	120831994	C	T
3871006	MBOAT2	NM_138799.4(MBOAT2):c.1411A>G (p.Arg471Gly)	Likely benign	criteria provided, single submitter	2	8858831	T	C
2866655	ANK2	NM_001148.6(ANK2):c.3594T>C (p.Ala1198=)	Likely benign	criteria provided, single submitter	4	113336579	T	C
1220879	PDGFB	NM_002608.4(PDGFB):c.160+236A>G	Benign	criteria provided, single submitter	22	39235542	T	C
2044904	EXOSC9	NM_005033.3(EXOSC9):c.474T>C (p.Cys158=)	Likely benign	criteria provided, single submitter	4	121804711	T	C
696528	SLC6A3	NM_001044.5(SLC6A3):c.710G>A (p.Arg237Gln)	Likely benign	criteria provided, single submitter	5	1421958	C	T
2583305	CHEK2	NM_007194.4(CHEK2):c.636T>A (p.Tyr212Ter)	Pathogenic	criteria provided, single submitter	22	28719442	A	T
802637	EBF3	NM_001375380.1(EBF3):c.1128+1G>C	Pathogenic	criteria provided, single submitter	10	129848391	C	G
2100921	CASR	NM_000388.4(CASR):c.1377+1G>A	Likely pathogenic	criteria provided, single submitter	3	122262413	G	A
1398675	IFT140	NM_014714.4(IFT140):c.2443C>T (p.Gln815Ter)	Pathogenic/Likely pathogenic	criteria provided, multiple submitters, no conflicts	16	1526753	G	A
2847944	GNAS	NM_000516.7(GNAS):c.1038+1G>C	Pathogenic	criteria provided, single submitter	20	58910402	G	C
2843290	GAA	NM_000152.5(GAA):c.1697C>T (p.Ser566Phe)	Likely pathogenic	criteria provided, single submitter	17	80112043	C	T
440537	LDLR	NM_000527.5(LDLR):c.29G>A (p.Trp10Ter)	Pathogenic	no assertion criteria provided	19	11089577	G	A
418660	SERPING1	NM_000062.3(SERPING1):c.512C>T (p.Pro171Leu)	Likely pathogenic	criteria provided, multiple submitters, no conflicts	11	57600339	C	T
3780292	PKD1	NM_001009944.3(PKD1):c.7210-2A>G	Pathogenic	criteria provided, single submitter	16	2106679	T	C
3061221	COL4A1	NM_001845.6(COL4A1):c.2869G>T (p.Gly957Ter)	Likely pathogenic	no assertion criteria provided	13	110176885	C	A
1067211	CRB1	NM_201253.3(CRB1):c.849-2A>G	Likely pathogenic	criteria provided, multiple submitters, no conflicts	1	197347338	A	G
3699405	TONSL	NM_013432.5(TONSL):c.2397G>A (p.Val799=)	Likely benign	criteria provided, single submitter	8	144436036	C	T
1092724	CLUAP1	NM_015041.3(CLUAP1):c.963C>T (p.Asp321=)	Likely benign	criteria provided, single submitter	16	3530602	C	T
3624275	RYR1	NM_000540.3(RYR1):c.1122+12C>T	Likely benign	criteria provided, single submitter	19	38448825	C	T
799990	SLC5A7	NM_021815.5(SLC5A7):c.1290C>G (p.Thr430=)	Likely benign	criteria provided, single submitter	2	108010408	C	G
1126133	DLD	NM_000108.5(DLD):c.1465-9C>T	Likely benign	criteria provided, single submitter	7	107919185	C	T
3020014	PLCG2	NM_002661.5(PLCG2):c.2208C>T (p.Thr736=)	Likely benign	criteria provided, single submitter	16	81919637	C	T
2080146	TRAF3	NM_145725.3(TRAF3):c.1135+15G>A	Likely benign	criteria provided, single submitter	14	102903444	G	A
1138900	SMPD1	NM_000543.5(SMPD1):c.9C>T (p.Arg3=)	Likely benign	criteria provided, single submitter	11	6390607	C	T
3770719	IFT70B	NM_152517.3(IFT70B):c.1344C>A (p.Arg448=)	Likely benign	criteria provided, single submitter	2	177551420	G	T
66987	RSPH1	NM_080860.4(RSPH1):c.85G>T (p.Glu29Ter)	Pathogenic	criteria provided, multiple submitters, no conflicts	21	42493049	C	A
2834577	EIF2AK3	NM_004836.7(EIF2AK3):c.1077A>C (p.Thr359=)	Likely benign	criteria provided, single submitter	2	88590531	T	G
2792686	PGAM2	NM_000290.4(PGAM2):c.173C>G (p.Ser58Ter)	Pathogenic	criteria provided, single submitter	7	44065357	G	C
1521811	COL4A5	NM_033380.3(COL4A5):c.3436G>A (p.Gly1146Arg)	Likely pathogenic	criteria provided, single submitter	X	108665569	G	A
875237	KCNJ10	NM_002241.5(KCNJ10):c.*3250G>C	Benign/Likely benign	criteria provided, single submitter	1	160038143	C	G
1243198	LGI4	NM_139284.3(LGI4):c.459-33G>A	Benign	criteria provided, multiple submitters, no conflicts	19	35131588	C	T
4620801	BAP1	NM_004656.4(BAP1):c.718A>T (p.Lys240Ter)	Pathogenic	criteria provided, single submitter	3	52406318	T	A
2187695	COL6A3	NM_004369.4(COL6A3):c.5992C>T (p.Arg1998Ter)	Pathogenic/Likely pathogenic	criteria provided, multiple submitters, no conflicts	2	237363324	G	A
4900794	EYA1	NM_000503.6(EYA1):c.1668T>C (p.Asp556=)	Likely benign	criteria provided, single submitter	8	71211186	A	G
678190	ASPM	NM_018136.5(ASPM):c.2174-201G>A	Benign	criteria provided, single submitter	1	197133796	C	T
2942324	TRPS1	NM_014112.5(TRPS1):c.1229G>A (p.Trp410Ter)	Pathogenic	criteria provided, single submitter	8	115604740	C	T
1455813	RAD50	NM_005732.4(RAD50):c.3271G>T (p.Glu1091Ter)	Pathogenic	criteria provided, single submitter	5	132618176	G	T
1174066	EVC	NM_153717.3(EVC):c.1563+1897C>T	Benign	criteria provided, multiple submitters, no conflicts	4	5758259	C	T
4758873	RYR1	NM_000540.3(RYR1):c.5055C>T (p.Cys1685=)	Likely benign	criteria provided, single submitter	19	38485710	C	T
225760	HNRNPH2	NM_019597.5(HNRNPH2):c.616C>T (p.Arg206Trp)	Pathogenic/Likely pathogenic	criteria provided, multiple submitters, no conflicts	X	101412604	C	T
2028113	TUBB2A	NM_001069.3(TUBB2A):c.1088T>G (p.Met363Arg)	Likely pathogenic	criteria provided, single submitter	6	3154113	A	C
2991136	LRRC8A	NM_019594.4(LRRC8A):c.1528C>T (p.Leu510=)	Likely benign	criteria provided, single submitter	9	128908692	C	T
773583	LPCAT2	NM_017839.5(LPCAT2):c.1346C>T (p.Thr449Met)	Benign	criteria provided, multiple submitters, no conflicts	16	55579140	C	T
4230	FKRP	NM_024301.5(FKRP):c.764G>A (p.Trp255Ter)	Likely pathogenic	criteria provided, single submitter	19	46756214	G	A
43208	MYO7A	NM_000260.4(MYO7A):c.3508G>A (p.Glu1170Lys)	Pathogenic	criteria provided, multiple submitters, no conflicts	11	77189348	G	A
788741	SYNM	NM_145728.3(SYNM):c.3012C>T (p.Asn1004=)	Benign	criteria provided, multiple submitters, no conflicts	15	99131372	C	T
4825813	TBX1	NM_001379200.1(TBX1):c.1161C>A (p.Gly387=)	Likely benign	criteria provided, single submitter	22	19766513	C	A
2635515	SUOX	NM_001032386.2(SUOX):c.1276C>T (p.Gln426Ter)	Pathogenic/Likely pathogenic	criteria provided, multiple submitters, no conflicts	12	56004665	C	T
1700684	GCK	NM_000162.5(GCK):c.878T>G (p.Ile293Arg)	Pathogenic/Likely pathogenic	criteria provided, multiple submitters, no conflicts	7	44146604	A	C
1567763	LAMC2	NM_005562.3(LAMC2):c.1962G>A (p.Gln654=)	Likely benign	criteria provided, single submitter	1	183232291	G	A
1464425	SLC24A5	NM_205850.3(SLC24A5):c.474T>C (p.Gly158=)	Likely benign	criteria provided, single submitter	15	48134523	T	C
2693031	STX1B	NM_052874.5(STX1B):c.786+1G>A	Pathogenic	criteria provided, single submitter	16	30993129	C	T
633820	ALOX12B	NM_001139.3(ALOX12B):c.338T>C (p.Leu113Pro)	Likely pathogenic	criteria provided, single submitter	17	8086030	A	G
2740911	SPTLC2	NM_004863.4(SPTLC2):c.1570-19T>G	Likely benign	criteria provided, single submitter	14	77512422	A	C
2563987	ABRAXAS1	NM_139076.3(ABRAXAS1):c.642G>A (p.Lys214=)	Likely benign	criteria provided, single submitter	4	83467493	C	T
101451	COL3A1	NM_000090.4(COL3A1):c.1763G>A (p.Gly588Asp)	Pathogenic/Likely pathogenic	criteria provided, multiple submitters, no conflicts	2	188997166	G	A
547589	NF1	NM_001042492.3(NF1):c.1393-1G>C	Pathogenic/Likely pathogenic	criteria provided, multiple submitters, no conflicts	17	31214450	G	C
3418991	PKD1	NM_001009944.3(PKD1):c.2258A>T (p.His753Leu)	Likely benign	criteria provided, single submitter	16	2114765	T	A
794234	RYR1	NM_000540.3(RYR1):c.9819G>A (p.Thr3273=)	Likely benign	criteria provided, multiple submitters, no conflicts	19	38517492	G	A
986828	TRIP12	NM_001348323.3(TRIP12):c.6181C>T (p.Gln2061Ter)	Likely pathogenic	criteria provided, single submitter	2	229767577	G	A
2942999	FBN1	NM_000138.5(FBN1):c.4506T>A (p.Cys1502Ter)	Pathogenic	criteria provided, single submitter	15	48468488	A	T
3714286	TRPV6	NM_018646.6(TRPV6):c.1743C>T (p.Ile581=)	Likely benign	criteria provided, multiple submitters, no conflicts	7	142873613	G	A
2645787	AXIN1	NM_003502.4(AXIN1):c.117C>T (p.Pro39=)	Likely benign	criteria provided, single submitter	16	346909	G	A
526066	DMD	NM_004006.3(DMD):c.1366A>T (p.Lys456Ter)	Pathogenic	criteria provided, multiple submitters, no conflicts	X	32614419	T	A
2125481	NPC1	NM_000271.5(NPC1):c.3759A>G (p.Pro1253=)	Likely benign	criteria provided, single submitter	18	23532280	T	C
255547	JAG1	NM_000214.3(JAG1):c.1349-11T>G	Benign/Likely benign	criteria provided, multiple submitters, no conflicts	20	10649118	A	C
4909895	OAT	NM_000274.4(OAT):c.432G>A (p.Glu144=)	Likely benign	criteria provided, single submitter	10	124408630	C	T
702146	TERT	NM_198253.3(TERT):c.975C>T (p.Tyr325=)	Likely benign	criteria provided, multiple submitters, no conflicts	5	1293911	G	A
1119275	SLC6A8	NM_005629.4(SLC6A8):c.645-4C>T	Likely benign	criteria provided, single submitter	X	153691971	C	T
2419535	DVL1	NM_001330311.2(DVL1):c.582G>A (p.Ser194=)	Likely benign	criteria provided, single submitter	1	1341690	C	T
1635235	LONP1	NM_004793.4(LONP1):c.1147-12C>T	Likely benign	criteria provided, single submitter	19	5706004	G	A
2949549	GBE1	NM_000158.4(GBE1):c.429+9C>G	Likely benign	criteria provided, single submitter	3	81670829	G	C
3629428	EP300	NM_001429.4(EP300):c.676G>T (p.Gly226Cys)	Likely benign	criteria provided, single submitter	22	41117768	G	T
2149717	COL4A3	NM_000091.5(COL4A3):c.3419-19T>G	Likely benign	criteria provided, multiple submitters, no conflicts	2	227294945	T	G
1212556	CDC14A	NM_003672.4(CDC14A):c.141-293T>C	Likely benign	criteria provided, single submitter	1	100377253	T	C
3953484	SH2B3	NM_005475.3(SH2B3):c.309C>T (p.Ser103=)	Likely benign	criteria provided, single submitter	12	111418454	C	T
2720719	DDX41	NM_016222.4(DDX41):c.753C>T (p.Pro251=)	Likely benign	criteria provided, multiple submitters, no conflicts	5	177514961	G	A
671750	RYR2	NM_001035.3(RYR2):c.3215-93G>A	Benign	criteria provided, multiple submitters, no conflicts	1	237566474	G	A
2020906	FAH	NM_000137.4(FAH):c.1180+10G>T	Likely benign	criteria provided, single submitter	15	80181169	G	T
1943240	COL9A2	NM_001852.4(COL9A2):c.150+9C>T	Likely benign	criteria provided, single submitter	1	40315581	G	A
1230051	KCNQ2	NC_000020.11:g.63472909G>A	Benign	criteria provided, single submitter	20	63472909	G	A
2724412	WRN	NM_000553.6(WRN):c.655-12G>A	Likely benign	criteria provided, single submitter	8	31068246	G	A
2053212	WDR1	NM_017491.5(WDR1):c.378-11A>C	Likely benign	criteria provided, single submitter	4	10097902	T	G
1286193	FOXP2	NM_014491.4(FOXP2):c.1769+328C>T	Benign	criteria provided, single submitter	7	114662514	C	T
4824898	AIP	NM_003977.4(AIP):c.2T>G (p.Met1Arg)	Likely pathogenic	criteria provided, single submitter	11	67483160	T	G
1569725	LIPA	NM_000235.4(LIPA):c.30C>G (p.Val10=)	Likely benign	criteria provided, multiple submitters, no conflicts	10	89247619	G	C
3661527	SMC1A	NM_006306.4(SMC1A):c.907G>T (p.Glu303Ter)	Pathogenic	criteria provided, single submitter	X	53412201	C	A
3366966	TRIO	NM_007118.4(TRIO):c.5482G>T (p.Glu1828Ter)	Likely pathogenic	criteria provided, single submitter	5	14461297	G	T
2947632	TTN	NM_001267550.2(TTN):c.3396C>A (p.Tyr1132Ter)	Likely pathogenic	criteria provided, single submitter	2	178781248	G	T
1450195	OCA2	NM_000275.3(OCA2):c.493C>T (p.Arg165Ter)	Pathogenic/Likely pathogenic	criteria provided, multiple submitters, no conflicts	15	28027893	G	A
2912039	COL3A1	NM_000090.4(COL3A1):c.3417+2T>C	Pathogenic	criteria provided, single submitter	2	189007940	T	C
3601322	MYO15A	NM_016239.4(MYO15A):c.3725T>C (p.Leu1242Pro)	Likely pathogenic	criteria provided, single submitter	17	18125200	T	C
572862	NF1	NM_001042492.3(NF1):c.5192T>A (p.Leu1731Ter)	Pathogenic	criteria provided, single submitter	17	31326176	T	A
17124	COL11A2	NM_080680.3(COL11A2):c.3100C>T (p.Arg1034Cys)	Pathogenic/Likely pathogenic	criteria provided, multiple submitters, no conflicts	6	33171763	G	A
419628	COL7A1	NM_000094.4(COL7A1):c.6127G>T (p.Gly2043Trp)	Pathogenic	criteria provided, single submitter	3	48575392	C	A
189858	SCN1A	NM_001165963.4(SCN1A):c.2879T>G (p.Met960Arg)	Pathogenic	criteria provided, single submitter	2	166037843	A	C
2571003	H3-3B	NM_005324.5(H3-3B):c.98C>T (p.Thr33Ile)	Likely pathogenic	criteria provided, single submitter	17	75779077	G	A
41937	B3GALNT2	NM_152490.5(B3GALNT2):c.755T>G (p.Val252Gly)	Pathogenic/Likely pathogenic	no assertion criteria provided	1	235470857	A	C
37261	SKI	NM_003036.4(SKI):c.100G>A (p.Gly34Ser)	Pathogenic/Likely pathogenic	criteria provided, multiple submitters, no conflicts	1	2228866	G	A
952869	FBN1	NM_000138.5(FBN1):c.6215C>A (p.Ser2072Ter)	Pathogenic	criteria provided, single submitter	15	48437866	G	T
1456093	GNPTAB	NM_024312.5(GNPTAB):c.1624G>T (p.Glu542Ter)	Pathogenic	criteria provided, single submitter	12	101765293	C	A
870184	GABRB3	NM_000814.6(GABRB3):c.733T>C (p.Tyr245His)	Likely pathogenic	criteria provided, single submitter	15	26567683	A	G
1500877	TCTN2	NM_024809.5(TCTN2):c.267+1G>A	Pathogenic/Likely pathogenic	criteria provided, multiple submitters, no conflicts	12	123672133	G	A
1459073	MSH3	NM_002439.5(MSH3):c.1579C>T (p.Gln527Ter)	Pathogenic	criteria provided, multiple submitters, no conflicts	5	80741474	C	T
627550	TBL1XR1	NM_024665.7(TBL1XR1):c.1336T>C (p.Tyr446His)	Likely pathogenic	criteria provided, single submitter	3	177033051	A	G
522085	BCAP31	NM_001256447.2(BCAP31):c.739T>C (p.Ter247Gln)	Likely pathogenic	criteria provided, single submitter	X	153700939	A	G
522869	IGHMBP2	NM_002180.3(IGHMBP2):c.1235+894C>A	Pathogenic/Likely pathogenic	criteria provided, multiple submitters, no conflicts	11	68930251	C	A
17037	GJB2	NM_004004.6(GJB2):c.218A>G (p.His73Arg)	Pathogenic	no assertion criteria provided	13	20189364	T	C
3490013	ABCA1	NM_005502.4(ABCA1):c.6242G>A (p.Arg2081Gln)	Likely pathogenic	criteria provided, single submitter	9	104786939	C	T
455400	MLH1	NM_000249.4(MLH1):c.1732-2A>C	Pathogenic/Likely pathogenic	criteria provided, multiple submitters, no conflicts	3	37047517	A	C
1917924	SDHD	NM_003002.4(SDHD):c.15G>A (p.Trp5Ter)	Pathogenic	criteria provided, multiple submitters, no conflicts	11	112086922	G	A
4070490	PDHA1	NM_000284.4(PDHA1):c.615C>A (p.Phe205Leu)	Pathogenic	no assertion criteria provided	X	19355360	C	A
9872	SHOX	NM_000451.4(SHOX):c.583C>T (p.Arg195Ter)	Pathogenic	criteria provided, multiple submitters, no conflicts	Y	641037	C	T
650644	CHEK2	NM_007194.4(CHEK2):c.1355G>A (p.Trp452Ter)	Pathogenic/Likely pathogenic	criteria provided, multiple submitters, no conflicts	22	28695147	C	T
4927792	PKD1	NM_001009944.3(PKD1):c.6555C>G (p.Tyr2185Ter)	Likely pathogenic	criteria provided, single submitter	16	2108612	G	C
4695093	KRT6A	NM_005554.4(KRT6A):c.1393T>G (p.Tyr465Asp)	Pathogenic	criteria provided, single submitter	12	52488359	A	C
1760931	FBN1	NM_000138.5(FBN1):c.7864T>G (p.Cys2622Gly)	Pathogenic	criteria provided, single submitter	15	48415723	A	C
4076104	DNMT3A	NM_022552.5(DNMT3A):c.1118T>C (p.Leu373Pro)	Likely pathogenic	criteria provided, single submitter	2	25247055	A	G
9740	SRY	NM_003140.3(SRY):c.277C>T (p.Gln93Ter)	Pathogenic	no assertion criteria provided	Y	2787327	G	A
2995600	MYO7A	NM_000260.4(MYO7A):c.3892G>C (p.Gly1298Arg)	Pathogenic	criteria provided, single submitter	11	77190838	G	C
1691445	NR5A1	NM_004959.5(NR5A1):c.991-1G>C	Pathogenic	criteria provided, single submitter	9	124491229	C	G
2679357	TSFM	NM_005726.6(TSFM):c.611G>A (p.Trp204Ter)	Likely pathogenic	criteria provided, single submitter	12	57796216	G	A
4843714	RUNX1	NM_001754.5(RUNX1):c.805+6T>G	Likely pathogenic	criteria provided, single submitter	21	34834404	A	C
2744227	RECQL4	NM_004260.4(RECQL4):c.25G>T (p.Glu9Ter)	Pathogenic	criteria provided, single submitter	8	144517760	C	A
1608659	KDM5C	NM_004187.5(KDM5C):c.522+19G>A	Benign	criteria provided, multiple submitters, no conflicts	X	53217777	C	T
2720417	RYR1	NM_000540.3(RYR1):c.10018+13G>T	Likely benign	criteria provided, single submitter	19	38517704	G	T
4931255	FA2H;LOC130059393	NM_024306.5(FA2H):c.255C>T (p.Leu85=)	Likely benign	criteria provided, single submitter	16	74774501	G	A
1947456	TTLL5	NM_015072.5(TTLL5):c.3726C>T (p.Ser1242=)	Likely benign	criteria provided, multiple submitters, no conflicts	14	75882888	C	T
1127664	IMPG2	NM_016247.4(IMPG2):c.3267C>A (p.Gly1089=)	Likely benign	criteria provided, single submitter	3	101231112	G	T
2029162	IFNAR2	NM_001289125.3(IFNAR2):c.1146G>A (p.Lys382=)	Likely benign	criteria provided, single submitter	21	33263098	G	A
2779345	COL7A1	NM_000094.4(COL7A1):c.3975+10C>T	Likely benign	criteria provided, single submitter	3	48585026	G	A
1618259	PTPN23	NM_015466.4(PTPN23):c.2127C>T (p.Asp709=)	Likely benign	criteria provided, single submitter	3	47409832	C	T
4931468	BCO1	NM_017429.3(BCO1):c.423C>G (p.Thr141=)	Likely benign	criteria provided, single submitter	16	81262235	C	G
2906456	BCKDHA	NM_000709.4(BCKDHA):c.995+18C>T	Likely benign	criteria provided, single submitter	19	41422788	C	T
1707038	GRM6	NM_000843.4(GRM6):c.2436+186C>T	Likely benign	criteria provided, single submitter	5	178982724	G	A
4704010	GNPTG	NM_032520.5(GNPTG):c.411+14C>G	Likely benign	criteria provided, single submitter	16	1362145	C	G
235462	MT-ND2	NC_012920.1(MT-ND2):m.5033A>G	Likely benign	criteria provided, single submitter	MT	5033	A	G
334794	COL4A3	NM_000091.5(COL4A3):c.*589C>T	Benign	criteria provided, multiple submitters, no conflicts	2	227312459	C	T
530949	BTK	NM_000061.3(BTK):c.531T>C (p.Pro177=)	Benign/Likely benign	criteria provided, multiple submitters, no conflicts	X	101362230	A	G
1967667	DYNC1H1	NM_001376.5(DYNC1H1):c.10908+16T>C	Likely benign	criteria provided, single submitter	14	102036658	T	C
4951291	ARR3	NM_004312.3(ARR3):c.210G>A (p.Thr70=)	Likely benign	criteria provided, single submitter	X	70276146	G	A
416533	CACNA2D2	NM_006030.4(CACNA2D2):c.2028C>T (p.His676=)	Likely benign	criteria provided, single submitter	3	50370337	G	A
2853656	FKBP10	NM_021939.4(FKBP10):c.18C>T (p.Pro6=)	Likely benign	criteria provided, single submitter	17	41813052	C	T
3183208	TRPA1	NM_007332.3(TRPA1):c.3350T>C (p.Leu1117Pro)	Likely benign	criteria provided, single submitter	8	72022916	A	G
1725615	NEB	NM_001164508.2(NEB):c.7054A>T (p.Lys2352Ter)	Likely pathogenic	criteria provided, single submitter	2	151650747	T	A
2816285	FAT4	NM_001291303.3(FAT4):c.7018+2T>C	Likely pathogenic	criteria provided, single submitter	4	125416624	T	C
1425300	TAT	NM_000353.3(TAT):c.916C>T (p.Arg306Ter)	Pathogenic/Likely pathogenic	criteria provided, multiple submitters, no conflicts	16	71570394	G	A
3613712	DSC2	NM_024422.6(DSC2):c.379G>T (p.Glu127Ter)	Pathogenic/Likely pathogenic	criteria provided, multiple submitters, no conflicts	18	31091123	C	A
2203633	NIPBL	NM_133433.4(NIPBL):c.5464G>A (p.Asp1822Asn)	Likely pathogenic	criteria provided, single submitter	5	37022280	G	A
1027451	PNPLA6	NM_001166114.2(PNPLA6):c.2993A>G (p.Asp998Gly)	Likely pathogenic	criteria provided, single submitter	19	7555663	A	G
4086798	ALPL	NM_000478.6(ALPL):c.50C>T (p.Ser17Phe)	Pathogenic/Likely pathogenic	criteria provided, multiple submitters, no conflicts	1	21554131	C	T
4071965	MBD5	NM_001378120.1(MBD5):c.1554C>G (p.Tyr518Ter)	Likely pathogenic	criteria provided, single submitter	2	148469497	C	G
4805488	SPG11	NM_025137.4(SPG11):c.5887A>T (p.Lys1963Ter)	Pathogenic	criteria provided, single submitter	15	44575021	T	A
930905	CEP152	NM_001194998.2(CEP152):c.528G>A (p.Trp176Ter)	Likely pathogenic	criteria provided, single submitter	15	48797313	C	T
2499670	UMOD	NM_003361.4(UMOD):c.106C>T (p.His36Tyr)	Pathogenic	no assertion criteria provided	16	20349195	G	A
1242583	GSTP1	NC_000011.10:g.67583319C>T	Benign	criteria provided, single submitter	11	67583319	C	T
419359	TTN	NM_001267550.2(TTN):c.86363G>A (p.Trp28788Ter)	Pathogenic	criteria provided, multiple submitters, no conflicts	2	178559769	C	T
3393840	PIEZO2	NM_001378183.1(PIEZO2):c.8576G>A (p.Trp2859Ter)	Pathogenic/Likely pathogenic	criteria provided, multiple submitters, no conflicts	18	10671549	C	T
2743085	GATAD2B	NM_020699.4(GATAD2B):c.901-12A>C	Likely benign	criteria provided, single submitter	1	153816600	T	G
4964672	RNF13	NM_183381.3(RNF13):c.910G>T (p.Glu304Ter)	Likely pathogenic	criteria provided, single submitter	3	149960868	G	T
1334646	KMT2A	NM_001197104.2(KMT2A):c.5455C>T (p.Gln1819Ter)	Pathogenic	criteria provided, single submitter	11	118495791	C	T
2785050	FBP1	NM_000507.4(FBP1):c.568-13C>T	Likely benign	criteria provided, single submitter	9	94606965	G	A
800876	ARSB	NM_000046.5(ARSB):c.455G>A (p.Arg152Gln)	Likely pathogenic	criteria provided, multiple submitters, no conflicts	5	78969050	C	T
694618	SCN1B	NM_001037.5(SCN1B):c.355T>G (p.Tyr119Asp)	Pathogenic	no assertion criteria provided	19	35033646	T	G
2944732	SYNJ1	NM_203446.3(SYNJ1):c.2211C>T (p.Leu737=)	Likely benign	criteria provided, single submitter	21	32665006	G	A
3382869	TNRC6B	NM_001162501.2(TNRC6B):c.3820C>T (p.Gln1274Ter)	Pathogenic	criteria provided, single submitter	22	40300566	C	T
2134903	KAT6B	NM_012330.4(KAT6B):c.5461C>T (p.Gln1821Ter)	Pathogenic	criteria provided, single submitter	10	75030285	C	T
303395	CDON	NM_001378964.1(CDON):c.*3076T>A	Benign	criteria provided, multiple submitters, no conflicts	11	125957866	A	T
4716892	ADGRV1	NM_032119.4(ADGRV1):c.5444-2A>C	Likely pathogenic	criteria provided, single submitter	5	90679547	A	C
10166	F8	NM_000132.4(F8):c.311T>A (p.Val104Asp)	Pathogenic	no assertion criteria provided	X	154997050	A	T
2026127	PAH	NM_000277.3(PAH):c.1164G>C (p.Val388=)	Likely benign	criteria provided, single submitter	12	102843681	C	G
1709521	OPA1	NM_130837.3(OPA1):c.880G>T (p.Glu294Ter)	Likely pathogenic	criteria provided, single submitter	3	193635454	G	T
393044	LOXHD1	NM_001384474.1(LOXHD1):c.4741-1G>A	Pathogenic/Likely pathogenic	criteria provided, multiple submitters, no conflicts	18	46524602	C	T
1141032	KIF11	NM_004523.4(KIF11):c.1494+10T>C	Likely benign	criteria provided, single submitter	10	92630374	T	C
803932	DMD	NM_004006.3(DMD):c.1150-2A>T	Pathogenic	criteria provided, single submitter	X	32644315	T	A
1075155	SCN9A	NM_001365536.1(SCN9A):c.4855C>T (p.Arg1619Ter)	Pathogenic/Likely pathogenic	criteria provided, multiple submitters, no conflicts	2	166199784	G	A
366726	VCP	NM_007126.5(VCP):c.-267C>T	Benign/Likely benign	criteria provided, multiple submitters, no conflicts	9	35072620	G	A
1701269	TSC2	NM_000548.5(TSC2):c.2157T>G (p.Tyr719Ter)	Pathogenic	criteria provided, single submitter	16	2072300	T	G
1423886	ABCA4	NM_000350.3(ABCA4):c.3300C>G (p.Ile1100Met)	Pathogenic	criteria provided, single submitter	1	94042789	G	C
2845086	AGPS	NM_003659.4(AGPS):c.93G>T (p.Pro31=)	Likely benign	criteria provided, single submitter	2	177392882	G	T
4952016	BTK	NM_000061.3(BTK):c.1765G>A (p.Glu589Lys)	Likely pathogenic	criteria provided, single submitter	X	101353337	C	T
966008	POLG	NM_002693.3(POLG):c.3152G>A (p.Gly1051Glu)	Likely pathogenic	criteria provided, single submitter	15	89319052	C	T
757945	TRPV4	NM_021625.5(TRPV4):c.2391G>A (p.Glu797=)	Likely benign	criteria provided, single submitter	12	109784383	C	T
21818	HPS5	NM_181507.2(HPS5):c.2593C>T (p.Arg865Ter)	Pathogenic	criteria provided, single submitter	11	18287659	G	A
1191185	EBP	NM_006579.3(EBP):c.-42A>T	Likely benign	criteria provided, single submitter	X	48523730	A	T
2938225	MARS1	NM_004990.4(MARS1):c.960C>A (p.Thr320=)	Likely benign	criteria provided, single submitter	12	57498492	C	A
673208	NRXN1	NM_001330078.2(NRXN1):c.832+63A>G	Likely benign	criteria provided, single submitter	2	50921806	T	C
1542287	SKIC3	NM_014639.4(SKIC3):c.1518A>C (p.Val506=)	Likely benign	criteria provided, single submitter	5	95523769	T	G
496089	RYR2	NM_001035.3(RYR2):c.12648G>A (p.Ala4216=)	Benign/Likely benign	criteria provided, multiple submitters, no conflicts	1	237784360	G	A
2649731	KMT2B	NM_014727.3(KMT2B):c.1155T>A (p.Ala385=)	Likely benign	criteria provided, single submitter	19	35720502	T	A
2840835	FOXN1	NM_001369369.1(FOXN1):c.123+18G>A	Likely benign	criteria provided, single submitter	17	28524110	G	A
2784009	CTSA	NM_000308.4(CTSA):c.1158C>T (p.Ser386=)	Likely benign	criteria provided, single submitter	20	45897034	C	T
2769504	UNC45A	NM_018671.5(UNC45A):c.1830G>A (p.Val610=)	Likely benign	criteria provided, single submitter	15	90948746	G	A
1100878	GOSR2	NM_004287.5(GOSR2):c.9C>G (p.Pro3=)	Likely benign	criteria provided, single submitter	17	46923201	C	G
2923709	HGSNAT	NM_152419.3(HGSNAT):c.1543-19C>T	Likely benign	criteria provided, multiple submitters, no conflicts	8	43197653	C	T
4694845	IL12RB2	NM_001374259.2(IL12RB2):c.1584T>C (p.Asn528=)	Likely benign	criteria provided, single submitter	1	67372650	T	C
4715957	SAMHD1	NM_015474.4(SAMHD1):c.1411-15T>G	Likely benign	criteria provided, single submitter	20	36904264	A	C
2198445	CLDN19	NM_148960.3(CLDN19):c.534C>T (p.Gly178=)	Likely benign	criteria provided, multiple submitters, no conflicts	1	42735970	G	A
1288741	GNA11	NM_002067.5(GNA11):c.477-78C>T	Benign	criteria provided, multiple submitters, no conflicts	19	3114866	C	T
2184428	RYR1	NM_000540.3(RYR1):c.5127C>T (p.Gly1709=)	Likely benign	criteria provided, single submitter	19	38485782	C	T
1166537	DHX38	NM_014003.4(DHX38):c.2304G>A (p.Glu768=)	Benign/Likely benign	criteria provided, multiple submitters, no conflicts	16	72105273	G	A
2388264	RNF180	NM_001113561.2(RNF180):c.509G>A (p.Arg170Gln)	Likely benign	criteria provided, single submitter	5	64213835	G	A
1589599	FSCN2	NM_012418.4(FSCN2):c.598C>T (p.Leu200=)	Likely benign	criteria provided, single submitter	17	81529129	C	T
1093553	DNAH5	NM_001369.3(DNAH5):c.12879C>T (p.Ser4293=)	Likely benign	criteria provided, single submitter	5	13716517	G	A
490181	NEK8	NM_178170.3(NEK8):c.1738G>A (p.Gly580Ser)	Pathogenic	no assertion criteria provided	17	28741083	G	A
4719314	CACNA1D	NM_001128840.3(CACNA1D):c.5718A>T (p.Pro1906=)	Likely benign	criteria provided, single submitter	3	53805115	A	T
2083954	ADCY5	NM_183357.3(ADCY5):c.1518+1G>T	Likely pathogenic	criteria provided, single submitter	3	123332563	C	A
3587419	CYP24A1	NM_000782.5(CYP24A1):c.1493C>G (p.Ser498Ter)	Likely pathogenic	criteria provided, single submitter	20	54157231	G	C
2675796	GALK1	NM_000154.2(GALK1):c.580C>T (p.Gln194Ter)	Likely pathogenic	criteria provided, single submitter	17	75763045	G	A
2127369	PRPH2	NM_000322.5(PRPH2):c.500G>T (p.Gly167Val)	Likely pathogenic	criteria provided, single submitter	6	42721835	C	A
1679295	COL4A2	NM_001846.4(COL4A2):c.668G>A (p.Gly223Glu)	Likely pathogenic	criteria provided, single submitter	13	110432344	G	A
504129	KMT2C	NM_170606.3(KMT2C):c.3874C>T (p.Arg1292Ter)	Likely pathogenic	criteria provided, single submitter	7	152205193	G	A
3381162	SLC4A1	NM_000342.4(SLC4A1):c.2058-1G>A	Likely pathogenic	criteria provided, single submitter	17	44253372	C	T
958855	SLC16A2	NM_006517.5(SLC16A2):c.511C>T (p.Arg171Ter)	Pathogenic	criteria provided, multiple submitters, no conflicts	X	74521070	C	T
1407949	ACAD9	NM_014049.5(ACAD9):c.205C>T (p.Gln69Ter)	Pathogenic/Likely pathogenic	criteria provided, multiple submitters, no conflicts	3	128884707	C	T
552240	VPS13B	NM_152564.5(VPS13B):c.1150A>T (p.Lys384Ter)	Pathogenic/Likely pathogenic	criteria provided, multiple submitters, no conflicts	8	99121389	A	T
1344718	ACTL6B	NM_016188.5(ACTL6B):c.523A>C (p.Thr175Pro)	Pathogenic	no assertion criteria provided	7	100648768	T	G
4707125	NBAS	NM_015909.4(NBAS):c.1528C>T (p.Arg510Ter)	Pathogenic	criteria provided, single submitter	2	15474138	G	A
378638	SPG11	NM_025137.4(SPG11):c.7155T>G (p.Tyr2385Ter)	Pathogenic/Likely pathogenic	criteria provided, multiple submitters, no conflicts	15	44563298	A	C
977659	TUBB8	NM_177987.3(TUBB8):c.550A>G (p.Asn184Asp)	Likely pathogenic	no assertion criteria provided	10	47842	T	C
1469794	MAK	NM_001242957.3(MAK):c.663+1G>C	Likely pathogenic	criteria provided, single submitter	6	10803719	C	G
633247	GLA	NM_000169.3(GLA):c.874G>C (p.Ala292Pro)	Likely pathogenic	criteria provided, multiple submitters, no conflicts	X	101398495	C	G
694823	CREBBP	NM_004380.3(CREBBP):c.4460A>G (p.His1487Arg)	Likely pathogenic	no assertion criteria provided	16	3736750	T	C
805984	CDK8	NM_001260.3(CDK8):c.578T>G (p.Val193Gly)	Pathogenic	no assertion criteria provided	13	26385274	T	G
3674057	CARMIL2	NM_001013838.3(CARMIL2):c.790C>T (p.Arg264Ter)	Pathogenic	criteria provided, single submitter	16	67647521	C	T
1932106	NPC1	NM_000271.5(NPC1):c.2526T>A (p.Phe842Leu)	Pathogenic/Likely pathogenic	criteria provided, multiple submitters, no conflicts	18	23540526	A	T
574416	DKC1	NM_001363.5(DKC1):c.149C>A (p.Ser50Tyr)	Likely pathogenic	criteria provided, single submitter	X	154765508	C	A
642883	NF1	NM_001042492.3(NF1):c.247C>T (p.Gln83Ter)	Pathogenic	criteria provided, multiple submitters, no conflicts	17	31159052	C	T
429923	MYBPC3	NM_000256.3(MYBPC3):c.208G>T (p.Glu70Ter)	Likely pathogenic	criteria provided, single submitter	11	47351323	C	A
4881143	COL1A2	NM_000089.4(COL1A2):c.1055G>T (p.Gly352Val)	Likely pathogenic	criteria provided, single submitter	7	94410261	G	T
251444	LDLR	NM_000527.5(LDLR):c.767A>G (p.Asp256Gly)	Pathogenic/Likely pathogenic	criteria provided, multiple submitters, no conflicts	19	11106637	A	G
2735613	SERPING1	NM_000062.3(SERPING1):c.1029+1G>T	Likely pathogenic	criteria provided, single submitter	11	57606548	G	T
30176	GUCY2C	NM_004963.4(GUCY2C):c.2519G>T (p.Ser840Ile)	Pathogenic	no assertion criteria provided	12	14622087	C	A
1174540	ZNF462	NM_021224.6(ZNF462):c.6431C>A (p.Ser2144Ter)	Likely pathogenic	no assertion criteria provided	9	106972008	C	A
1345968	CPT2	NM_000098.3(CPT2):c.152+1G>T	Likely pathogenic	criteria provided, single submitter	1	53197096	G	T
2065812	KMT2E	NM_182931.3(KMT2E):c.42G>A (p.Thr14=)	Benign/Likely benign	criteria provided, multiple submitters, no conflicts	7	105040994	G	A
2834299	LAMA1	NM_005559.4(LAMA1):c.8127C>T (p.Tyr2709=)	Likely benign	criteria provided, single submitter	18	6955433	G	A
712455	TRAK1	NM_001042646.3(TRAK1):c.22G>A (p.Gly8Arg)	Benign	criteria provided, multiple submitters, no conflicts	3	42091491	G	A
764385	MAP2K1	NM_002755.4(MAP2K1):c.439-8G>T	Likely benign	criteria provided, single submitter	15	66443272	G	T
4764741	HUWE1	NM_031407.7(HUWE1):c.12255T>G (p.Pro4085=)	Likely benign	criteria provided, single submitter	X	53536550	A	C
2778677	RBBP8	NM_002894.3(RBBP8):c.1940-20G>C	Likely benign	criteria provided, single submitter	18	22996354	G	C
989843	HEXA	NM_000520.6(HEXA):c.254-33G>A	Likely benign	criteria provided, multiple submitters, no conflicts	15	72356650	C	T
4708600	PROC	NM_000312.4(PROC):c.1113T>C (p.Asn371=)	Likely benign	criteria provided, single submitter	2	127428673	T	C
1261700	LRP6	NM_002336.3(LRP6):c.3607+161G>T	Benign	criteria provided, single submitter	12	12138164	C	A
3714235	IFT122	NM_052989.3(IFT122):c.2547+18C>G	Likely benign	criteria provided, single submitter	3	129502900	C	G
723010	CNTN2	NM_005076.5(CNTN2):c.537G>C (p.Thr179=)	Likely benign	criteria provided, single submitter	1	205059133	G	C
1546231	CAPN3	NM_000070.3(CAPN3):c.1194-20C>T	Likely benign	criteria provided, single submitter	15	42399472	C	T
1632029	TSC2	NM_000548.5(TSC2):c.2049C>G (p.Ser683=)	Likely benign	criteria provided, multiple submitters, no conflicts	16	2071886	C	G
2946264	TMEM67	NM_153704.6(TMEM67):c.651+15A>G	Likely benign	criteria provided, single submitter	8	93765661	A	G
3606356	CHD8	NM_001170629.2(CHD8):c.3792G>A (p.Glu1264=)	Likely benign	criteria provided, single submitter	14	21402426	C	T
720916	CFAP44	NM_001164496.2(CFAP44):c.260A>T (p.Gln87Leu)	Benign	criteria provided, multiple submitters, no conflicts	3	113426271	T	A
416652	TSC1	NM_000368.5(TSC1):c.1611C>T (p.His537=)	Benign/Likely benign	criteria provided, multiple submitters, no conflicts	9	132905967	G	A
1572207	FLNA	NM_001110556.2(FLNA):c.3777G>A (p.Gln1259=)	Likely benign	criteria provided, single submitter	X	154360018	C	T
2061018	KMT2E	NM_182931.3(KMT2E):c.4069-5C>T	Likely benign	criteria provided, multiple submitters, no conflicts	7	105111820	C	T
1193922	WRN	NM_000553.6(WRN):c.210-53C>T	Likely benign	criteria provided, single submitter	8	31064236	C	T
724232	LMX1B	NM_001174147.2(LMX1B):c.894G>A (p.Leu298=)	Likely benign	criteria provided, single submitter	9	126695846	G	A
3044040	NLRP5	NM_001433705.1(NLRP5):c.3250A>G (p.Ser1084Gly)	Likely benign	criteria provided, multiple submitters, no conflicts	19	56058343	A	G
761133	SCN2A	NM_001040142.2(SCN2A):c.1053C>T (p.Tyr351=)	Likely benign	criteria provided, single submitter	2	165313638	C	T
514906	TSC2	NM_000548.5(TSC2):c.3267G>A (p.Gln1089=)	Benign/Likely benign	criteria provided, multiple submitters, no conflicts	16	2079411	G	A
4873857	NONO	NM_007363.5(NONO):c.822C>T (p.Leu274=)	Likely benign	criteria provided, single submitter	X	71296926	C	T
2199636	AP5Z1	NM_014855.3(AP5Z1):c.2184C>T (p.Thr728=)	Likely benign	criteria provided, single submitter	7	4791145	C	T
2755921	SLC22A5	NM_003060.4(SLC22A5):c.549C>T (p.Phe183=)	Likely benign	criteria provided, single submitter	5	132384198	C	T
1263347	MAGED2	NM_177433.3(MAGED2):c.1208+122G>C	Benign	criteria provided, multiple submitters, no conflicts	X	54813282	G	C
743327	NPHP3	NM_153240.5(NPHP3):c.2570+10A>G	Likely benign	criteria provided, single submitter	3	132691182	T	C
1283005	MYO5A	NM_001382347.1(MYO5A):c.1753-193G>A	Benign	criteria provided, single submitter	15	52384515	C	T
2166080	RAPSN	NM_005055.5(RAPSN):c.3G>T (p.Met1Ile)	Pathogenic	criteria provided, multiple submitters, no conflicts	11	47448962	C	A
625488	TUBA1A	NM_006009.4(TUBA1A):c.1285G>C (p.Glu429Gln)	Pathogenic	criteria provided, single submitter	12	49185081	C	G
444082	NR0B1	NM_000475.5(NR0B1):c.765C>A (p.Cys255Ter)	Pathogenic	criteria provided, single submitter	X	30308599	G	T
866101	CEP78	NM_001330691.3(CEP78):c.1417G>T (p.Glu473Ter)	Likely pathogenic	criteria provided, single submitter	9	78262943	G	T
4895652	BBS9	NM_198428.3(BBS9):c.1024A>T (p.Lys342Ter)	Likely pathogenic	criteria provided, single submitter	7	33336448	A	T
404143	PTEN	NM_000314.8(PTEN):c.293T>G (p.Leu98Arg)	Pathogenic/Likely pathogenic	criteria provided, multiple submitters, no conflicts	10	87933052	T	G
984290	FANCC	NM_000136.3(FANCC):c.661G>T (p.Glu221Ter)	Likely pathogenic	criteria provided, single submitter	9	95149948	C	A
2500710	CHD3	NM_001005273.3(CHD3):c.2785C>T (p.Leu929Phe)	Pathogenic	criteria provided, single submitter	17	7900392	C	T
695023	KCNH2	NM_000238.4(KCNH2):c.1557+2T>C	Pathogenic	criteria provided, single submitter	7	150952423	A	G
2585040	ATM	NM_000051.4(ATM):c.901+2T>G	Pathogenic/Likely pathogenic	criteria provided, multiple submitters, no conflicts	11	108245028	T	G
3000880	HLCS	NM_001352514.2(HLCS):c.655G>T (p.Glu219Ter)	Pathogenic	criteria provided, single submitter	21	36937231	C	A
222379	GLA	NM_000169.3(GLA):c.749A>C (p.Gln250Pro)	Pathogenic/Likely pathogenic	criteria provided, multiple submitters, no conflicts	X	101398837	T	G
2019573	SLC25A22	NM_001191061.2(SLC25A22):c.439C>T (p.Gln147Ter)	Pathogenic	criteria provided, single submitter	11	792701	G	A
2570924	TSC2	NM_000548.5(TSC2):c.5260-39G>A	Likely benign	criteria provided, single submitter	16	2088407	G	A
4952892	FRMD7	NM_194277.3(FRMD7):c.686G>T (p.Arg229Leu)	Likely pathogenic	criteria provided, single submitter	X	132084545	C	A
3240587	TFR2	NM_003227.4(TFR2):c.1995+1G>T	Likely pathogenic	criteria provided, single submitter	7	100627263	C	A
2074256	RPS6KA3	NM_004586.3(RPS6KA3):c.2022C>T (p.Leu674=)	Benign	criteria provided, single submitter	X	20156187	G	A
1699420	PUF60	NM_078480.3(PUF60):c.510+1G>A	Pathogenic/Likely pathogenic	criteria provided, multiple submitters, no conflicts	8	143818372	C	T
495322	MAN1B1	NM_016219.5(MAN1B1):c.1942C>T (p.Gln648Ter)	Likely pathogenic	criteria provided, single submitter	9	137108433	C	T
3039462	DNAH17	NM_173628.4(DNAH17):c.621G>T (p.Val207=)	Benign	no assertion criteria provided	17	78571701	C	A
550371	NEB	NM_001164508.2(NEB):c.6183+2T>A	Likely pathogenic	no assertion criteria provided	2	151657981	A	T
3363027	TTN	NM_001267550.2(TTN):c.97474G>T (p.Glu32492Ter)	Likely pathogenic	no assertion criteria provided	2	178542282	C	A
993658	MYH14	NM_001145809.2(MYH14):c.6096A>C (p.Pro2032=)	Likely benign	criteria provided, multiple submitters, no conflicts	19	50309775	A	C
3774893	TANC2	NM_001394998.1(TANC2):c.139+2T>A	Likely pathogenic	criteria provided, single submitter	17	63074016	T	A
1098497	G6PD	NM_001360016.2(G6PD):c.235G>C (p.Asp79His)	Likely pathogenic	criteria provided, single submitter	X	154535969	C	G
1238970	SARS2	NM_017827.4(SARS2):c.1161-60G>T	Benign	criteria provided, multiple submitters, no conflicts	19	38916374	C	A
4281624	PPP1R12A	NM_002480.3(PPP1R12A):c.957-2A>C	Pathogenic	criteria provided, single submitter	12	79820933	T	G
281332	MMUT	NM_000255.4(MMUT):c.1599T>A (p.Cys533Ter)	Pathogenic	criteria provided, single submitter	6	49444716	A	T
2932948	COL12A1	NM_004370.6(COL12A1):c.8613T>C (p.Ser2871=)	Likely benign	criteria provided, multiple submitters, no conflicts	6	75095144	A	G
1452165	VPS13B	NM_152564.5(VPS13B):c.10148C>G (p.Ser3383Ter)	Pathogenic/Likely pathogenic	criteria provided, multiple submitters, no conflicts	8	99853537	C	G
2680638	CEP290	NM_025114.4(CEP290):c.5012+1G>A	Likely pathogenic	criteria provided, single submitter	12	88083030	C	T
1154752	TYK2	NM_003331.5(TYK2):c.1107G>A (p.Pro369=)	Likely benign	criteria provided, single submitter	19	10364953	C	T
1691797	CACNA1F	NM_005183.4(CACNA1F):c.2932C>T (p.Arg978Ter)	Pathogenic	criteria provided, multiple submitters, no conflicts	X	49218484	G	A
458355	ENG	NM_001114753.3(ENG):c.808C>T (p.Gln270Ter)	Pathogenic	criteria provided, multiple submitters, no conflicts	9	127825239	G	A
1658816	FAT4	NM_001291303.3(FAT4):c.10869T>A (p.Val3623=)	Likely benign	criteria provided, single submitter	4	125451879	T	A
438424	SDHB	NM_003000.3(SDHB):c.553G>T (p.Glu185Ter)	Pathogenic	criteria provided, multiple submitters, no conflicts	1	17024062	C	A
4890446	GALC	NM_000153.4(GALC):c.1990G>A (p.Ala664Thr)	Likely pathogenic	criteria provided, single submitter	14	87934800	C	T
1623828	CNGB1	NM_001297.5(CNGB1):c.855G>A (p.Gly285=)	Likely benign	criteria provided, single submitter	16	57957360	C	T
578588	TNNI3	NM_000363.5(TNNI3):c.404T>C (p.Leu135Pro)	Likely pathogenic	criteria provided, single submitter	19	55154175	A	G
3680775	TAP2	NM_001290043.2(TAP2):c.897C>T (p.His299=)	Likely benign	criteria provided, single submitter	6	32835202	G	A
