context30	rs1
GTTTGAGACCTGCCTGGCCAAGATGGTGAA	12.000000
TTCACTCTTGCCATACCTCATAAAGGACAC	36.000000
GTGAATGACAGAGAAGGAAACTGAGGTTCA	38.000000
GCTCTTTCCCTACAATATCCTCCTGGATTA	14.000000
TACAGACCTCTGCAAAGGCCCTGAGGGCCC	42.000000
GATCACGCCACTACACTCTAGCCAGGGCAA	81.000000
AACCTCAAGTGATTCATCTGCCTTGGCCTC	13.000000
TCTACCTTGGCCTCCCAAAATGTTGGGATT	33.000000
ATTTCTTTTAATTCCTGTTCCAGAGGAACA	57.000000
CCCCATCTCCTTTTGCTGACTCCAGGTGAT	9.000000
CCAGCACTTTGGGAAGCCAAAGCAGGAAGA	17.000000
AAAAATAAAGAGAGACATATACAAGGCTCA	90.000000
GTCACCCAAGCTGGAGTGCAGTGGGGCAAT	12.000000
GAGAATTGCTTGAACCCAGGAGGCGGAGGA	8.000000
CACTCCTGTAATCCCAGTACTTTGGGAGGC	34.000000
TGAATTCAGGGGACTTTTATCCCTGGTACC	11.000000
AGGCAGGAGAATTGCTTGAACCCAGGAGGC	4.000000
GACAGAGAAGGAAACTGAGGTTCAGGTAAA	7.000000
GTAAATAGATACCCAAAGTCCCTGGGCCTC	76.000000
TGAGAAACAGCTAATTAGAGGATGGGTCTA	5.000000
GAGCGTTCACAGATTCTGGTGTGTGGGGGC	6.000000
TATTGGCAGCTATTTCTGACGATTGGTAGT	2.000000
GCTGGTCTCAAACTCCCAGCCTCAGGTGAT	18.000000
TTTTTGTATTTTTAGTAGAGACGGGGTTTC	34.000000
CAGGAGAATTGCTTGAACCCAGGAGGCGGA	46.000000
TGCCTGGAACCGAGAGGTTTCCTGGGATTT	50.000000
CATGCCTGTAATCCTAGCACTTTGGGAGGC	24.000000
AGTCCATAAAAGAAACTGAGGCTGGGCCTA	5.000000
AGCCAGGGCAACAGGGCAAGACCCGGTCTC	19.000000
TCTGCCTTGGCCTCCCAAAAATGTGGGGAT	28.000000
TTAGCACAGTCTCTGGCACTTAATGGTACT	17.000000
TTTTGTATTTTTTAGTAGAGATGGGGTTTC	27.000000
GGTGAATATTCATGTTTGAATTCAGGGGAC	0.000000
AGGCAGGTGGATCATTTGAGGTCAGGACTT	8.000000
AGCCTGAAACAAATCTTACATATAGGGAAA	8.000000
GAGGAACATGTTAAACCTCACCATGGGGTT	17.000000
CACTTTGGGAGGCTTGAGGTGGGTGGATCA	9.000000
AATCCCAGCTACTCGGGAGGCTGAGGCAGG	17.000000
ATTGTGCCACTGCACTCCAGCCTGGGTGAC	6.000000
TGAATATTCATGTTTGAATTCAGGGGACTT	38.000000
TGACCAGACTAGTTTCAAACTATTGGCCTC	6.000000
GCCTTTAGTCCCAGCTACTCGGGAGGCTGA	73.000000
GATTGTGCCACTGCACTCCAGCCTGGGTGA	24.000000
CACTACACTCTAGCCAGGGCAACAGGGCAA	57.000000
TCATGCCTGTAATCCTAGCACTTTGGGAGG	1.000000
GGTGATTTTTTTTTTTTTTGAGATGGAGTT	1.000000
CACTTGGTTTGCCTGGAACCGAGAGGTTTC	52.000000
TCACTCCTGTAATCCCAGTACTTTGGGAGG	1.000000
TTTTGTGGATAGACAGGTAGGGATGGGAAC	24.000000
GCTGGTCTCAAACTCCTGACCTCAGGTGAT	6.000000
ATCTGTAAAGTGTTCTTGCCAAAAGGTTAA	41.000000
GATGATCTAGAACTCCTGAGCTCAGGTGAT	1.000000
AATTTACAGGAAATAAGGTTAGAGGGTTAG	27.000000
GGGGACTTTTATCCCTGGTACCAGGGAAGT	47.000000
AAAAAAAAAAAAAAAAACTAGCCCGGTGTG	6.000000
TAATTATTTCAGAATTGAGTCAGTGGTGAG	15.000000
CTGCCTCAGCCTCTCGAGTAGCTGGGATTA	28.000000
AATTTTTGTATTTTTAGTAGAGACGGGGTT	6.000000
AACCGAGAGGTTTCCTGGGATTTAGGACTT	9.000000
AGTTAAGTTACCTTTTAAGCATTTGGTGGG	0.000000
CCTTTTAAGCATTTGGTGGGGTGGGGGAGA	15.000000
AAGTGAGTCCATAAAAGAAACTGAGGCTGG	71.000000
ACCTGTAATCCCAGCTACTCGGGAGGCTGA	77.000000
GCTGGAGGGCAGTGGCAAGATCTCGGCTCA	10.000000
AGGTGGGTGGATCACCTGAGGTCAGGAGTT	6.000000
GGTCAGGACTTCAAGAACAGCCTGGGCAAC	18.000000
TTTACTCTCATCAGGACCTAGAAGGGGAAC	35.000000
AAAACACAAAAATTAGCTAGGCACGGTGGT	6.000000
TGATAAGGAATCAGAGAGACTGATGGGATT	22.000000
ATTTTTGTATTTTTAGTAGAGACGGGGTTT	45.000000
CCTATCTGATGTCCTGCATACACAGGCATG	88.000000
CATCAACATATTTTGAAAGTATGTGGTGGT	3.000000
TGCAATAGCCCAAGGAGACTGGCAGGGTGA	56.000000
GTTAATTTTTGTAGTTTTAGCAGAGGCGGG	36.000000
TCTTGGCTCCATCACACACTATGTGGCCTT	34.000000
CAACCTCCGCCTCCTGGGTTCAAGGGATTC	21.000000
GATGGGGTTTCACTGTGTTAGCCAGGATGG	60.000000
GAGTCTCACTCTGTCGCCCAGGCTGGAGTA	2.000000
GCTCACCACAACCTCCACCTCTTGGGTTCA	8.000000
AATCAGAGAGACTGATGGGATTGAGGAGGA	34.000000
AGGAAACTGAGGTTCAGGTAAAGTGGTTAG	21.000000
AACTCTGCCCTCATTTGTCAGTGAGGAAAC	42.000000
CCAGCACTTTGGGAGGCCAAGGTGGGCGGA	1.000000
AGCCTCAGGTGATCTGCCTGCCTCGGCCTC	5.000000
GACAGGGCAAGACTCTGTCTCGGGGGGGAA	18.000000
GCTGGAGTGCAGTGGGGCAATCTTGGCTCA	20.000000
ATACACAGGCATGGTCCTGCTCAGGGTTTG	55.000000
AAAAGTTAATTGGGTGGTGGCGGGGGGATG	12.000000
TTTTTTGTATTTTTTAGTAGAGATGGGGTT	5.000000
CCTGCCTCAGCCTCTCGAGTAGCTGGGATT	25.000000
CGACAGGGCAAGACTCTGTCTCGGGGGGGA	4.000000
GGAAACAGGATCTTCACAGTGCCTGGGAAA	37.000000
TTTTTTAATTTTTATTTTTGAGATGGATTC	13.000000
CCAGCTCTTACAGACCTCTGCAAAGGCCCT	14.000000
TAATTTTGTATTCTTAGTAGAGACGGGGTT	15.000000
GCTACTCAGGAAGCTAAGGTGGGAGGATTG	27.000000
GGAAATAAGGTTAGAGGGTTAGCAGGATTG	89.000000
GGGTTTCACTGTGTTAGCCAGGATGGTCTC	10.000000
CTGGGGAGAATATTACCTATTCCAGGGTGT	68.000000
TCCTTCCCTTCGCTCTTAACCAGTGGAGTT	42.000000
ACAGGCTTGCGCCACCACTAGTCTGGCAAT	13.000000
GACAGAGTCTTCCTCTGTCACCTAGGCTGG	33.000000
GAGTCTTGCTCTGTCACCCAGGCTGGAGTG	10.000000
CTCATAAAGGACACCTCCCTGTCAGGTTGA	11.000000
AAAGAAACTGAGGCTGGGCCTAGTGGCTCA	1.000000
TTTTGAGACAGAGTCCCAGAGCTAGGAATA	48.000000
ACAGCCCGTAGTCCCAGCTACTCAGGAAGC	17.000000
CATGCCTATAATCCCAGCACTTTGGGAGGC	23.000000
CCTCAGCCTCCCAAGTAGCTGGAAGGACAG	17.000000
CCTAGCACTTTGGGAGGCCAAGGTGGGCGG	13.000000
AATCACTTGAACCCAGGAGGCAGAGGTTAC	50.000000
AGTCCCAGCTACTTGGAAGGCTGAGGCACA	15.000000
ATTTTGTATTCTTAGTAGAGACGGGGTTTC	39.000000
AAAAACAGGCAGTTAATTTTTAAAGGACTT	55.000000
CCAGCTACTCAGGAAGCTAAGGTGGGAGGA	11.000000
GCACTTTGGGAGGCCAAGGTGGGCGGATCA	1.000000
AAAAATTAGCTAGGCACGGTGGTGGGTTCC	4.000000
AACTGAATCCAATTTTTCTTTTACGGAGAA	1.000000
AATCCTAGCACTTTGGGAGGCCAAGGTGGG	22.000000
TATAGTAAACATTTACTCTCATCAGGACCT	29.000000
GGGTTTCACCATGTTGGCCAGGCTGGTCTC	5.000000
GGAACATGTTAAACCTCACCATGGGGTTAT	14.000000
TACTTTGGGAGGCCAAGGCATGGTGGTGCA	5.000000
CTGAGGGTAGTGGCCAAAGAGAAAGGAAGA	37.000000
CACATGGATGCGCATAACACTCAAGGTAAA	73.000000
CCAGCTACTCGGGTGGTTGAGGCAGGAGAA	18.000000
TATATTTTTATTTTTTAAGAGACAGGGTAT	23.000000
TTTTTGTATTTTTAGTAGAGATGTGGTCTT	4.000000
TCAGTGAGGAAACTGCCCAAGACAGGAAAA	44.000000
CTGCAAAGGCCCTGAGGGCCCTAGGGAATA	30.000000
AAAAAGTTAATTGGGTGGTGGCGGGGGGAT	14.000000
GACAGGGTTTCACCATGTTGGCCAGGCTGG	52.000000
GAATCTCACTCTATTGCCCGGGCTGGAGGG	2.000000
CCTCCCAAAAATGTGGGGATTACAGGTGTG	39.000000
CTGCCTCGGCCTCCCAAAGTGCTGGGATTA	36.000000
CTATTGCTCACACAAAGCCTGTTTGGTGGT	1.000000
TACTAAAAATACAACATTTAGCCAGGTGTA	40.000000
GCCAAAGAGAAAGGAAGAAAACTAGGATTT	61.000000
TCACACCTGTAATCCCAGCACTTTGGGAGG	1.000000
CAGAGTCCCAGAGCTAGGAATATAGGCATG	29.000000
CAGTTCTACCCTCCACTTGTAGGTGGAGTG	59.000000
GGCTCACTGCAACCTCCGCCTCCTGGGTTC	3.000000
GATGGGGTTTCACCATGTTGGCCAGGCTGG	47.000000
GGGTTCCTGTAATCCCAGCTACTCGGGTGG	3.000000
ATTAACATTAAAAATTAAAAAGATGGCCGG	11.000000
CTCAGCTTCATTCTTCCCAAAACAGGGACT	85.000000
CAGAGAGACTGATGGGATTGAGGAGGATCT	57.000000
CTGCCTTGGCCTCCCAAAAATGTGGGGATT	66.000000
AGCGTTCACAGATTCTGGTGTGTGGGGGCA	1.000000
TTATTATTTAGGTGCACCAGCCCAGGTGGA	38.000000
