pdb	mutation	ddg_kcal
3S9D_A_B	LA23V	2.6571
2JEL_LH_P	SP46C	0.0000
1PPF_E_I	AI15V	0.2093
1BRS_A_D	WD44F	0.0568
1A22_A_B	PA5A	0.4388
1NMB_N_LH	TL93W	0.1854
1JTG_A_B	EA143A	-0.0730
1DAN_HL_UT	TT16A	-0.1600
3SGB_E_I	RI15W	0.3137
1LFD_A_B	KA39A	1.1864
4I77_HL_Z	YL32A	1.5771
1LFD_A_B	KA35A	0.2992
1R0R_E_I	LI13A	0.3165
3HFM_HL_Y	YL96A	2.7245
3BT1_A_U	LU38A	0.5250
1CSE_E_I	LI38I	3.0004
1N8Z_AB_C	FC539A	0.0353
1R0R_E_I	KI8H	-0.5969
1FY8_E_I	DE168N	0.1715
3MZG_A_B	HA160A	0.8728
3BT1_A_U	NU52Q	0.6372
2NYY_DC_A	SC31N	-0.3581
3SGB_E_I	PI8G	0.0541
4NKQ_C_AB	YB82A	-0.3777
1R0R_E_I	AI10I	-1.8103
2J12_A_B	SA116A	0.9592
5C6T_HL_A	YH98A	1.7277
1CHO_EFG_I	YI17H	1.4388
1C4Z_ABC_D	DA156A	0.5218
1MHP_HL_A	NL51R	0.8503
2G2U_A_B	YB50A	-2.0882
1R0R_E_I	TI12E	3.2329
3BT1_A_U	VU124A	0.7503
1YQV_HL_Y	RY45K	1.6441
3BT1_A_U	LU66A	1.3852
1FFW_A_B	EB20A	0.6430
2C5D_A_C	GC101R	-0.0183
1CHO_EFG_I	NI33L	0.6206
3KBH_A_E	SE54T	2.5056
1VFB_AB_C	DB100A	3.0900
3VR6_ABCDEF_GH	AG138S	-0.3429
1CHO_EFG_I	PI11G	0.6402
1K8R_A_B	YA40F	1.5009
1DAN_HL_UT	KT63A	-0.0708
3SGB_E_I	TI11L	2.4861
3SZK_AB_C	DC120A	0.6777
1EAW_A_B	NA90A	0.3099
3QHY_A_B	NB264A	2.7120
1CHO_EFG_I	RI18G	3.5070
1DAN_HL_UT	KT41A	0.2332
3NCB_A_B	AA167H	-1.8324
3NCB_A_B	AA167H	-1.6797
1AK4_A_D	ID91A	0.2417
3BN9_B_CD	RB51A	-0.0720
1NMB_N_LH	DH57N	2.9726
1PPF_E_I	EI19P	3.2296
3BP8_A_C	FA115A	0.7132
1AO7_ABC_DE	QD30L	1.8447
1DQJ_AB_C	YA96A	1.1424
3BT1_A_U	RU143A	0.4229
3MZG_A_B	HA84A	0.0333
1R0R_E_I	GI27S	0.9172
1PPF_E_I	TI17L	2.2933
2NYY_DC_A	SC28Q	0.4189
1KNE_A_P	TP2L	0.2055
1CHO_EFG_I	TI14R	3.9074
4N8V_G_ABC	YG124A	0.1211
3M63_A_B	EA33A	0.6502
1A22_A_B	EB38A	-0.0796
3HFM_HL_Y	GY102V	0.2417
3BT1_A_U	GU225A	0.7163
1DAN_HL_UT	VT59A	0.0000
3BTM_E_I	MI13K	-7.7384
1XD3_A_B	HB68N	0.0000
1N8Z_AB_C	YB109V	0.2244
3HFM_HL_Y	KY97A	5.5914
4RS1_A_B	NA89D	0.2974
3BT1_A_U	LU210A	-0.5270
1AO7_ABC_DE	RD27A	0.5498
1EAW_A_B	LA147A	0.5052
2NZ9_DC_A	EA892A	2.8070
1E50_A_B	NB99A	1.4163
1DQJ_AB_C	YB33A	5.5600
3MZG_A_B	HB188A	2.3569
5CXB_A_B	RB54E	2.6964
1EMV_A_B	TA25A	0.7328
3N06_A_B	AA14H	0.1486
1VFB_AB_C	TA53R	1.6564
2AK4_ABC_DE	NE28A	0.8278
1JRH_LH_I	YH104A	1.0679
3S9D_A_B	HA27A	0.4131
5UFQ_A_C	DA12G	1.3871
3MZG_A_B	HB188A	2.4572
1PPF_E_I	NI36L	2.6630
1A22_A_B	SB57A	-0.0551
3SGB_E_I	YI14E	2.0478
4G0N_A_B	HA27A	-0.2924
2FTL_E_I	KI15H	8.8344
4FTV_ABC_DE	DD93A	0.7843
4G0N_A_B	RA41A	-0.1084
1PPF_E_I	YI20L	1.3831
1DAN_HL_UT	DU55A	-0.0107
1MHP_HL_A	GH54I	1.3723
1GC1_G_C	EC77A	0.5657
3SGB_E_I	KI7W	-0.0135
3C60_CD_AB	RD82A	0.0000
3NCC_A_B	AB188H	0.4500
1MLC_AB_E	SB57A	-0.3815
1OGA_ABC_DE	DE52A	0.1012
3SGB_E_I	TI11R	1.9846
3NCB_A_B	AA167H	-2.2251
1DAN_HL_UT	MH154A	0.7489
1R0R_E_I	KI8T	0.8951
4CVW_A_C	LC34W	0.3376
5CYK_A_B	EB52A	-2.1286
3SGB_E_I	PI8Q	-0.3179
3MZG_A_B	HA182A	0.3682
3BT1_A_U	TU67A	0.1874
3HFM_HL_Y	YY20F	-0.5076
1BRS_A_D	KA25A	4.6154
3S9D_A_B	WB87A	0.7466
2AK4_ABC_DE	QA65A	-0.2594
1PPF_E_I	NI36T	0.5562
3SE8_HL_G	DH110A	-0.3854
3N4I_A_B	EA79D	4.4105
1A22_A_B	SA71A	0.4131
1R0R_E_I	TI12S	0.8333
1A22_A_B	WB35A	0.5174
1N8O_ABC_E	ME80L	-0.0628
4HRN_A_D	FD47A	2.4753
1CBW_FGH_I	PI13A	-0.1003
1BP3_A_B	TA171S	0.4972
1R0R_E_I	KI8M	-0.5646
1R0R_E_I	PI9W	0.4882
1R0R_E_I	PI9Y	0.8626
3BN9_B_CD	RB48A	-0.0453
1R0R_E_I	GI27N	1.2899
3MZG_A_B	HA125A	0.0996
3SGB_E_I	NI30A	0.3331
3BT1_A_U	GU82A	0.0956
3S9D_A_B	RA120A	2.7447
1XD3_A_B	DB52A	-0.2417
3SE8_HL_G	PH81A	-0.0702
2G2U_A_B	GB141A	-0.4163
3S9D_A_B	TA72A	0.1715
3NGB_HL_G	KH52A	0.6165
1JTD_A_B	SB131A	0.1525
1MHP_HL_A	GH53A	0.5159
1VFB_AB_C	RB99W	0.7095
1AO7_ABC_DE	TA80A	0.0762
